node_id,name,x_coord,y_coord,node_type,ctrl_type,osm_node_id
1,,-120.6687239,47.5950787,intersection,stop_2_way,46817728
2,,-120.6662392,47.5963002,intersection,yield,46817735
3,,-120.6651374,47.5970115,intersection,no_control,46817745
4,,-120.6741822,47.5961261,intersection,no_control,46851177
5,,-120.6580041,47.602828,intersection,no_control,46856863
6,,-120.6602573,47.6028208,intersection,no_control,46856869
7,,-120.6737738,47.5917638,intersection,stop_4_way,46989944
8,,-120.6727308,47.5924235,intersection,stop_2_way,46989948
9,,-120.671211,47.5934223,intersection,yield,46989955
10,,-120.667632,47.5927889,intersection,no_control,46992503
11,,-120.6615876,47.5961136,intersection,signal,46992536
12,,-120.6573605,47.5982971,intersection,no_control,46992541
13,,-120.6542445,47.5991003,intersection,signal,46992557
14,,-120.6518948,47.5987513,intersection,stop_4_way,46992565
15,,-120.6633896,47.5970316,intersection,stop_2_way,46993864
16,,-120.6633634,47.5979119,intersection,yield,46993865
17,,-120.6633506,47.5987984,intersection,no_control,46993867
18,,-120.6633211,47.5997235,intersection,no_control,46993871
19,,-120.6632747,47.6006189,intersection,no_control,46993874
20,,-120.6572303,47.5961732,intersection,no_control,46997921
21,,-120.6546503,47.5975424,intersection,stop_4_way,46997930
22,,-120.6712629,47.5899738,intersection,stop_2_way,46998801
23,,-120.6715665,47.5902205,intersection,yield,46998803
24,,-120.6729022,47.5911585,intersection,no_control,46998805
25,,-120.6620572,47.5970217,intersection,no_control,46999006
26,,-120.6669259,47.5970332,intersection,no_control,46999018
27,,-120.6687229,47.5970591,intersection,no_control,46999021
28,,-120.6564086,47.600518,intersection,stop_4_way,46999072
29,,-120.6578939,47.6005381,intersection,stop,46999075
30,,-120.6593626,47.6005687,intersection,yield,46999080
31,,-120.6606139,47.6005824,intersection,no_control,46999084
32,,-120.6619451,47.6006006,intersection,no_control,46999088
33,,-120.6650329,47.6006472,intersection,no_control,46999094
34,,-120.6668343,47.6006748,intersection,no_control,46999097
35,,-120.6686748,47.6006971,intersection,stop_4_way,46999099
36,,-120.6481794,47.6010878,intersection,stop_2_way,47000375
37,,-120.6675683,47.5891323,intersection,yield,47012198
38,,-120.6696093,47.5899837,intersection,no_control,47012227
39,,-120.6620271,47.597892,intersection,no_control,47013635
40,,-120.6619992,47.5987763,intersection,no_control,47013639
41,,-120.661988,47.5997103,intersection,no_control,47013645
42,,-120.654899,47.5999843,intersection,stop_4_way,47018167
43,,-120.6578604,47.599656,intersection,stop_2_way,47018178
44,,-120.6593057,47.599678,intersection,yield,47018182
45,,-120.6606407,47.5997019,intersection,no_control,47018186
46,,-120.6699629,47.5906303,intersection,no_control,47018749
47,,-120.6595873,47.5944828,intersection,no_control,47021084
48,,-120.6602955,47.5951105,intersection,stop,47021086
49,,-120.6721556,47.5881752,intersection,stop_4_way,47022176
50,,-120.6693453,47.5906094,intersection,stop_2_way,47022182
51,,-120.6593403,47.5987572,intersection,yield,47025390
52,,-120.6694787,47.5933939,intersection,no_control,47028012
53,,-120.6715247,47.5934329,intersection,no_control,47028015
54,,-120.6743788,47.5935158,intersection,no_control,47028017
55,,-120.6762032,47.5935329,intersection,no_control,47028024
56,,-120.6606841,47.5978869,intersection,stop_4_way,47029422
57,,-120.6589508,47.5958364,intersection,stop_2_way,47030971
58,,-120.6714828,47.5942784,intersection,yield,47032955
59,,-120.6714399,47.5951316,intersection,no_control,47032958
60,,-120.6713868,47.5960047,intersection,no_control,47032961
61,,-120.6719224,47.5960163,intersection,no_control,47036044
62,,-120.6719189,47.5963411,intersection,no_control,47036045
63,,-120.6676948,47.5916325,intersection,stop_4_way,47039652
64,,-120.6768059,47.595386,intersection,stop_2_way,47045369
65,,-120.674251,47.5953428,intersection,yield,47045373
66,,-120.6718918,47.591816,intersection,no_control,47047532
67,,-120.673102,47.5926924,intersection,no_control,47047536
68,,-120.6687182,47.5959712,intersection,no_control,47050742
69,,-120.6687169,47.5966902,intersection,no_control,47050748
70,,-120.6687108,47.5979669,intersection,stop_4_way,47050752
71,,-120.6687132,47.5988697,intersection,stop_2_way,47050758
72,,-120.668705,47.5997865,intersection,yield,47050760
73,,-120.6716874,47.5998237,intersection,no_control,47054185
74,,-120.6668219,47.5921906,intersection,no_control,47058455
75,,-120.6743453,47.5943068,intersection,no_control,47058535
76,,-120.6742495,47.5951843,intersection,no_control,47058539
77,,-120.6741991,47.5959424,intersection,stop_4_way,47058543
78,,-120.668883,47.5908692,intersection,stop_2_way,47059509
79,,-120.6576457,47.5965291,intersection,yield,47059546
80,,-120.6708175,47.5967266,intersection,no_control,47060336
81,,-120.6654396,47.595643,intersection,no_control,47062467
82,,-120.6708033,47.597242,intersection,no_control,47064704
83,,-120.6708448,47.5960042,intersection,no_control,47064709
84,,-120.6555328,47.5982778,intersection,stop_4_way,47075302
85,,-120.6545146,47.5999559,intersection,stop_2_way,47079973
86,,-120.6683599,47.5905396,intersection,yield,47083011
87,,-120.6580899,47.5969792,intersection,stop,47099616
88,,-120.6566479,47.5976877,intersection,no_control,47099619
89,,-120.6668767,47.5988474,intersection,no_control,47104059
90,,-120.6568214,47.5958228,intersection,no_control,47106676
91,,-120.6729048,47.5960957,intersection,stop_4_way,47114795
92,,-120.6553032,47.5965406,intersection,stop_2_way,47121492
93,,-120.6650894,47.598818,intersection,yield,47122945
94,,-120.6714408,47.5875409,intersection,no_control,47132893
95,,-120.6698788,47.5942463,intersection,no_control,47139097
96,,-120.6617491,47.5969084,intersection,no_control,365597801
97,,-120.6543963,47.598894,intersection,no_control,428897246
98,,-120.656414,47.6008622,intersection,stop_4_way,3086664881
99,,-120.6686016,47.5934601,intersection,stop_2_way,3243888259
100,,-120.6687025,47.5939119,intersection,yield,3243888375
101,,-120.66163,47.5943939,intersection,no_control,3243888562
102,,-120.6557782,47.5969438,intersection,no_control,3243889569
103,,-120.6594539,47.5983191,intersection,no_control,3243889958
104,,-120.6535546,47.5981239,intersection,no_control,4259341605
105,,-120.653367,47.597971,intersection,stop_4_way,4259369826
106,,-120.6620159,47.5947129,intersection,stop_2_way,4259369827
107,,-120.6565213,47.599645,intersection,yield,4259430851
108,,-120.6563336,47.6000947,intersection,no_control,4259430858
109,,-120.6768257,47.5949199,intersection,no_control,4259466037
110,,-120.6678869,47.5902391,intersection,no_control,4301344869
111,,-120.660666,47.5987765,intersection,stop,4977050884
112,,-120.6588786,47.5947306,intersection,stop_4_way,4977052444
113,,-120.6668052,47.6013032,intersection,stop_2_way,5756649709
114,,-120.6632473,47.6013183,intersection,yield,5756650882
115,,-120.6737873,47.5961062,intersection,no_control,5756658852
116,,-120.6747938,47.5942879,intersection,no_control,7321033206
117,,-120.6747904,47.5946562,intersection,no_control,13865447642
118,,-120.6752457,47.594773,intersection,no_control,13865447644
119,,-120.6741369,47.5964711,intersection,stop_4_way,13865447813
120,,-120.6693822,47.5998008,intersection,stop_2_way,13865564007
121,,-120.6693933,47.6004325,intersection,yield,13865564008
