geometry_id,geometry
1,"LINESTRING (-120.6687239 47.5950787, -120.6686342 47.5950787, -120.6685923 47.5950806, -120.6685603 47.5950854, -120.6684848 47.5951145, -120.6683573 47.5951826, -120.6666991 47.5960573, -120.6662392 47.5963002)"
2,"LINESTRING (-120.6687239 47.5950787, -120.6688462 47.5950809, -120.6688878 47.5950816, -120.6689841 47.5950835, -120.6692342 47.5950884, -120.6714399 47.5951316)"
3,"LINESTRING (-120.6687239 47.5950787, -120.6687181 47.5952439, -120.6687246 47.5954234, -120.6687263 47.5954708, -120.6687224 47.5957145, -120.6687182 47.5959712)"
4,"LINESTRING (-120.6687239 47.5950787, -120.6687228 47.5950182, -120.6687199 47.5948674, -120.6687171 47.5946593, -120.6687133 47.5944629, -120.6687068 47.5942908, -120.6687025 47.5939119)"
5,"LINESTRING (-120.6662392 47.5963002, -120.6666991 47.5960573, -120.6683573 47.5951826, -120.6684848 47.5951145, -120.6685603 47.5950854, -120.6685923 47.5950806, -120.6686342 47.5950787, -120.6687239 47.5950787)"
6,"LINESTRING (-120.6662392 47.5963002, -120.6651862 47.596859, -120.6651609 47.5968724, -120.6651372 47.5969104, -120.6651372 47.5969305, -120.6651374 47.5970115)"
7,"LINESTRING (-120.6662392 47.5963002, -120.6661757 47.5962491, -120.6658218 47.5959644, -120.6657944 47.5959424, -120.6654396 47.595643)"
8,"LINESTRING (-120.6651374 47.5970115, -120.6651372 47.5969305, -120.6651372 47.5969104, -120.6651609 47.5968724, -120.6651862 47.596859, -120.6662392 47.5963002)"
9,"LINESTRING (-120.6651374 47.5970115, -120.6650057 47.5970139, -120.664786 47.5970181, -120.6645164 47.5970366, -120.6640639 47.5970413, -120.663989 47.5970403, -120.6636847 47.5970364, -120.6634876 47.5970332, -120.6633896 47.5970316)"
10,"LINESTRING (-120.6651374 47.5970115, -120.6652957 47.5970135, -120.6655192 47.5970163, -120.6658315 47.5970201, -120.6658782 47.5970207, -120.666053 47.5970228, -120.6664611 47.5970276, -120.6669259 47.5970332)"
11,"LINESTRING (-120.6651374 47.5970115, -120.6651381 47.5971116, -120.6650923 47.5987162, -120.6650894 47.598818)"
12,"LINESTRING (-120.6741822 47.5961261, -120.6741991 47.5959424)"
13,"LINESTRING (-120.6741822 47.5961261, -120.6737873 47.5961062)"
14,"LINESTRING (-120.6741822 47.5961261, -120.6741452 47.5962375, -120.6741445 47.5962567, -120.6741369 47.5964711)"
15,"LINESTRING (-120.6580041 47.602828, -120.6598966 47.6028282, -120.6602573 47.6028208)"
16,"LINESTRING (-120.6580041 47.602828, -120.658 47.6026932, -120.6579796 47.6022194, -120.6579731 47.6020698, -120.6579711 47.602015, -120.6579678 47.6019283, -120.6579671 47.6019089, -120.6579369 47.6011718, -120.657934 47.6008301, -120.65793 47.6007016, -120.6579212 47.6006093, -120.6578939 47.6005381)"
17,"LINESTRING (-120.6602573 47.6028208, -120.6598966 47.6028282, -120.6580041 47.602828)"
18,"LINESTRING (-120.6737738 47.5917638, -120.6727308 47.5924235)"
19,"LINESTRING (-120.6737738 47.5917638, -120.6733427 47.5914673, -120.6729022 47.5911585)"
20,"LINESTRING (-120.6727308 47.5924235, -120.6737738 47.5917638)"
21,"LINESTRING (-120.6727308 47.5924235, -120.671292 47.5933635, -120.671211 47.5934223)"
22,"LINESTRING (-120.6727308 47.5924235, -120.6723058 47.5921196, -120.6718918 47.591816)"
23,"LINESTRING (-120.6727308 47.5924235, -120.673102 47.5926924)"
24,"LINESTRING (-120.671211 47.5934223, -120.671292 47.5933635, -120.6727308 47.5924235)"
25,"LINESTRING (-120.671211 47.5934223, -120.6707636 47.5934166, -120.6704487 47.5934125, -120.6702952 47.593409, -120.6694787 47.5933939)"
26,"LINESTRING (-120.671211 47.5934223, -120.6715247 47.5934329)"
27,"LINESTRING (-120.667632 47.5927889, -120.6675218 47.5928683, -120.6672724 47.5930273, -120.6671321 47.5931185, -120.6666968 47.5933918, -120.6663249 47.5936056, -120.6662415 47.5936542, -120.6660313 47.5937791, -120.6656645 47.5939707, -120.6653694 47.5941249, -120.6652143 47.5942078, -120.6644568 47.5946048, -120.6642557 47.5947105, -120.6638214 47.5949389, -120.6635755 47.5950682, -120.6634144 47.595153, -120.6632599 47.5952342, -120.6631851 47.5952735, -120.6631098 47.5953131, -120.6628396 47.5954552, -120.6624196 47.595676, -120.6617198 47.5960441, -120.6615876 47.5961136)"
28,"LINESTRING (-120.667632 47.5927889, -120.668205 47.5924347, -120.6685627 47.5921983, -120.6690943 47.5918469, -120.6695436 47.5915589, -120.6697727 47.5914095, -120.6699196 47.5913106, -120.6701407 47.5911552, -120.6702783 47.5910642, -120.6705767 47.5908669, -120.6710018 47.5905859, -120.6710791 47.5905348, -120.6714857 47.5902726, -120.6715665 47.5902205)"
29,"LINESTRING (-120.667632 47.5927889, -120.6675641 47.5927239, -120.6675495 47.5927099, -120.666922 47.5922608, -120.6669015 47.5922464, -120.6668219 47.5921906)"
30,"LINESTRING (-120.667632 47.5927889, -120.6677275 47.592868, -120.6677727 47.5929054, -120.6680125 47.5930549, -120.6683285 47.5932722, -120.6684496 47.5933555, -120.6685073 47.5933952, -120.6686016 47.5934601)"
31,"LINESTRING (-120.6615876 47.5961136, -120.6617198 47.5960441, -120.6624196 47.595676, -120.6628396 47.5954552, -120.6631098 47.5953131, -120.6631851 47.5952735, -120.6632599 47.5952342, -120.6634144 47.595153, -120.6635755 47.5950682, -120.6638214 47.5949389, -120.6642557 47.5947105, -120.6644568 47.5946048, -120.6652143 47.5942078, -120.6653694 47.5941249, -120.6656645 47.5939707, -120.6660313 47.5937791, -120.6662415 47.5936542, -120.6663249 47.5936056, -120.6666968 47.5933918, -120.6671321 47.5931185, -120.6672724 47.5930273, -120.6675218 47.5928683, -120.667632 47.5927889)"
32,"LINESTRING (-120.6615876 47.5961136, -120.661353 47.596236, -120.6610107 47.5964154, -120.6609003 47.5964743, -120.6608704 47.59649, -120.6607284 47.596559, -120.6606933 47.5965764, -120.6602268 47.5968278, -120.6601211 47.5968833, -120.6598238 47.5970393, -120.659729 47.597089, -120.6593852 47.5972695, -120.6592819 47.5973236, -120.6592259 47.5973531, -120.6586284 47.597666, -120.6577402 47.5981085, -120.6573605 47.5982971)"
33,"LINESTRING (-120.6615876 47.5961136, -120.6614953 47.5960195, -120.6614924 47.5960163, -120.6613449 47.5959119, -120.6611513 47.5957946, -120.6610743 47.5957446, -120.6609741 47.5956845, -120.6606791 47.595435, -120.66039 47.5951869, -120.6602955 47.5951105)"
34,"LINESTRING (-120.6615876 47.5961136, -120.6616161 47.5961608, -120.6616345 47.5962239, -120.6616519 47.5963075, -120.6616508 47.5964722, -120.6616482 47.5965473, -120.6616445 47.5966511, -120.661654 47.5967516, -120.6616857 47.5968207, -120.6617491 47.5969084)"
35,"LINESTRING (-120.6573605 47.5982971, -120.6577402 47.5981085, -120.6586284 47.597666, -120.6592259 47.5973531, -120.6592819 47.5973236, -120.6593852 47.5972695, -120.659729 47.597089, -120.6598238 47.5970393, -120.6601211 47.5968833, -120.6602268 47.5968278, -120.6606933 47.5965764, -120.6607284 47.596559, -120.6608704 47.59649, -120.6609003 47.5964743, -120.6610107 47.5964154, -120.661353 47.596236, -120.6615876 47.5961136)"
36,"LINESTRING (-120.6573605 47.5982971, -120.6571606 47.5983964, -120.6568582 47.5985457, -120.6565263 47.5986878, -120.656196 47.5988027, -120.6560936 47.5988322, -120.655824 47.5989099, -120.6557338 47.5989303, -120.6555736 47.5989666, -120.655178 47.5990327, -120.6549764 47.5990621, -120.6547838 47.5990793, -120.6545684 47.5990914, -120.6542445 47.5991003)"
37,"LINESTRING (-120.6573605 47.5982971, -120.6572895 47.5982363, -120.6571721 47.598136, -120.6567226 47.5977516, -120.6566479 47.5976877)"
38,"LINESTRING (-120.6542445 47.5991003, -120.6545684 47.5990914, -120.6547838 47.5990793, -120.6549764 47.5990621, -120.655178 47.5990327, -120.6555736 47.5989666, -120.6557338 47.5989303, -120.655824 47.5989099, -120.6560936 47.5988322, -120.656196 47.5988027, -120.6565263 47.5986878, -120.6568582 47.5985457, -120.6571606 47.5983964, -120.6573605 47.5982971)"
39,"LINESTRING (-120.6542445 47.5991003, -120.6536891 47.599097, -120.6534654 47.5990893, -120.6532447 47.5990696, -120.6528668 47.5990143, -120.6525598 47.598949, -120.6522275 47.5988608, -120.6518948 47.5987513)"
40,"LINESTRING (-120.6542445 47.5991003, -120.6542621 47.5992218, -120.6543191 47.5993464, -120.6544289 47.5995502, -120.6544662 47.5996259, -120.6544927 47.599707, -120.6545141 47.5997927, -120.6545205 47.5998853, -120.6545146 47.5999559)"
41,"LINESTRING (-120.6542445 47.5991003, -120.6542768 47.5989834, -120.6543155 47.598951, -120.6543963 47.598894)"
42,"LINESTRING (-120.6518948 47.5987513, -120.6522275 47.5988608, -120.6525598 47.598949, -120.6528668 47.5990143, -120.6532447 47.5990696, -120.6534654 47.5990893, -120.6536891 47.599097, -120.6542445 47.5991003)"
43,"LINESTRING (-120.6518948 47.5987513, -120.6518303 47.5988201, -120.651812 47.5988396, -120.651772 47.5988925, -120.6517026 47.5989841, -120.6516671 47.5990193, -120.6516087 47.5990772, -120.6514992 47.5991502, -120.6511956 47.5993304, -120.6508201 47.5995466, -120.6506172 47.5996581, -120.6499873 47.6000042, -120.6491639 47.6004482, -120.6485818 47.6007638, -120.6483616 47.6008808, -120.648272 47.6009591, -120.6482124 47.6010339, -120.6481794 47.6010878)"
44,"LINESTRING (-120.6633896 47.5970316, -120.6634876 47.5970332, -120.6636847 47.5970364, -120.663989 47.5970403, -120.6640639 47.5970413, -120.6645164 47.5970366, -120.664786 47.5970181, -120.6650057 47.5970139, -120.6651374 47.5970115)"
45,"LINESTRING (-120.6633896 47.5970316, -120.6633896 47.5970909, -120.6633895 47.5972853, -120.6633882 47.5973345, -120.6633849 47.5974578, -120.6633831 47.5975279, -120.6633726 47.5977507, -120.6633639 47.5978862, -120.6633634 47.5979119)"
46,"LINESTRING (-120.6633896 47.5970316, -120.6620572 47.5970217)"
47,"LINESTRING (-120.6633896 47.5970316, -120.663387 47.5969729, -120.6633834 47.5968928, -120.6633927 47.5967953, -120.6634238 47.59673, -120.6634779 47.5966629, -120.6646139 47.596079, -120.6654396 47.595643)"
48,"LINESTRING (-120.6633634 47.5979119, -120.6633639 47.5978862, -120.6633726 47.5977507, -120.6633831 47.5975279, -120.6633849 47.5974578, -120.6633882 47.5973345, -120.6633895 47.5972853, -120.6633896 47.5970909, -120.6633896 47.5970316)"
49,"LINESTRING (-120.6633634 47.5979119, -120.663363 47.5979847, -120.6633612 47.5983551, -120.6633525 47.5987175, -120.6633506 47.5987984)"
50,"LINESTRING (-120.6633634 47.5979119, -120.6632592 47.5979097, -120.6620271 47.597892)"
51,"LINESTRING (-120.6633506 47.5987984, -120.6633525 47.5987175, -120.6633612 47.5983551, -120.663363 47.5979847, -120.6633634 47.5979119)"
52,"LINESTRING (-120.6633506 47.5987984, -120.6633414 47.599263, -120.6633227 47.5996867, -120.6633211 47.5997235)"
53,"LINESTRING (-120.6633506 47.5987984, -120.6621863 47.5987794, -120.6619992 47.5987763)"
54,"LINESTRING (-120.6633506 47.5987984, -120.6634341 47.5987993, -120.6637849 47.5988033, -120.6640013 47.5988057, -120.6641213 47.5988071, -120.6644536 47.5988108, -120.6647753 47.5988145, -120.6650894 47.598818)"
55,"LINESTRING (-120.6633211 47.5997235, -120.6633227 47.5996867, -120.6633414 47.599263, -120.6633506 47.5987984)"
56,"LINESTRING (-120.6633211 47.5997235, -120.6633079 47.6001515, -120.6632797 47.6005488, -120.6632747 47.6006189)"
57,"LINESTRING (-120.6633211 47.5997235, -120.661988 47.5997103)"
58,"LINESTRING (-120.6632747 47.6006189, -120.6632797 47.6005488, -120.6633079 47.6001515, -120.6633211 47.5997235)"
59,"LINESTRING (-120.6632747 47.6006189, -120.6631682 47.6006175, -120.6621074 47.6006038, -120.6619451 47.6006006)"
60,"LINESTRING (-120.6632747 47.6006189, -120.6634266 47.6006239, -120.6636545 47.6006314, -120.663955 47.6006348, -120.6641205 47.6006366, -120.6641808 47.6006373, -120.6644248 47.6006401, -120.6644773 47.6006407, -120.6650105 47.6006469, -120.6650329 47.6006472)"
61,"LINESTRING (-120.6632747 47.6006189, -120.6632719 47.6006909, -120.6632707 47.6007202, -120.6632649 47.6008676, -120.6632473 47.6013183)"
62,"LINESTRING (-120.6572303 47.5961732, -120.6576457 47.5965291)"
63,"LINESTRING (-120.6572303 47.5961732, -120.6568214 47.5958228)"
64,"LINESTRING (-120.6572303 47.5961732, -120.6569248 47.5963353, -120.6557782 47.5969438)"
65,"LINESTRING (-120.6546503 47.5975424, -120.6550887 47.597902, -120.6554195 47.598183, -120.6554399 47.5982, -120.6555328 47.5982778)"
66,"LINESTRING (-120.6546503 47.5975424, -120.6557782 47.5969438)"
67,"LINESTRING (-120.6546503 47.5975424, -120.654564 47.5975882, -120.654294 47.5977315, -120.6539589 47.5979094, -120.6538224 47.5979819, -120.6535546 47.5981239)"
68,"LINESTRING (-120.6712629 47.5899738, -120.6714406 47.5901182, -120.6714726 47.5901442, -120.6715001 47.5901666, -120.6715665 47.5902205)"
69,"LINESTRING (-120.6712629 47.5899738, -120.6703217 47.5905744, -120.6702168 47.5906193, -120.6700733 47.5906325, -120.6699629 47.5906303)"
70,"LINESTRING (-120.6712629 47.5899738, -120.6713492 47.5899223, -120.6714983 47.5898333, -120.6715597 47.5897938, -120.671603 47.5897706, -120.6716592 47.5897578, -120.6717905 47.5897509, -120.6719059 47.5897396, -120.6719936 47.5897226, -120.6720771 47.5896833, -120.6721273 47.5896251, -120.672151 47.5895776, -120.6721594 47.5895, -120.6721556 47.5881752)"
71,"LINESTRING (-120.6715665 47.5902205, -120.6714857 47.5902726, -120.6710791 47.5905348, -120.6710018 47.5905859, -120.6705767 47.5908669, -120.6702783 47.5910642, -120.6701407 47.5911552, -120.6699196 47.5913106, -120.6697727 47.5914095, -120.6695436 47.5915589, -120.6690943 47.5918469, -120.6685627 47.5921983, -120.668205 47.5924347, -120.667632 47.5927889)"
72,"LINESTRING (-120.6715665 47.5902205, -120.6715001 47.5901666, -120.6714726 47.5901442, -120.6714406 47.5901182, -120.6712629 47.5899738)"
73,"LINESTRING (-120.6715665 47.5902205, -120.6716524 47.5902801, -120.6716799 47.5902991, -120.6724915 47.5908617, -120.6729022 47.5911585)"
74,"LINESTRING (-120.6729022 47.5911585, -120.6733427 47.5914673, -120.6737738 47.5917638)"
75,"LINESTRING (-120.6729022 47.5911585, -120.6724915 47.5908617, -120.6716799 47.5902991, -120.6716524 47.5902801, -120.6715665 47.5902205)"
76,"LINESTRING (-120.6729022 47.5911585, -120.6721952 47.5916185, -120.6720374 47.5917212, -120.6718918 47.591816)"
77,"LINESTRING (-120.6620572 47.5970217, -120.6633896 47.5970316)"
78,"LINESTRING (-120.6620572 47.5970217, -120.6620411 47.5974358, -120.6620271 47.597892)"
79,"LINESTRING (-120.6620572 47.5970217, -120.6619551 47.5970094, -120.6618728 47.5969889, -120.6618083 47.596959, -120.6617491 47.5969084)"
80,"LINESTRING (-120.6669259 47.5970332, -120.6664611 47.5970276, -120.666053 47.5970228, -120.6658782 47.5970207, -120.6658315 47.5970201, -120.6655192 47.5970163, -120.6652957 47.5970135, -120.6651374 47.5970115)"
81,"LINESTRING (-120.6669259 47.5970332, -120.6677287 47.5970447, -120.6678543 47.5970465, -120.6685726 47.5970569, -120.6686127 47.5970575, -120.6687229 47.5970591)"
82,"LINESTRING (-120.6669259 47.5970332, -120.6669368 47.5969859, -120.6669897 47.5969354, -120.6670563 47.5968925, -120.6671544 47.596841, -120.6676123 47.5966, -120.6678317 47.5964845, -120.6684457 47.5961612, -120.6685217 47.596118, -120.6685478 47.5961032, -120.6687182 47.5959712)"
83,"LINESTRING (-120.6669259 47.5970332, -120.6669144 47.5970825, -120.6669166 47.5972614, -120.6669166 47.5972783, -120.6669185 47.5973838, -120.6669182 47.5974703, -120.6669182 47.5975981, -120.6669176 47.5976186, -120.6669161 47.5976696, -120.6669093 47.5979019, -120.6669002 47.5982093, -120.6668988 47.5982572, -120.6668959 47.5983553, -120.6668754 47.5987801, -120.6668767 47.5988474)"
84,"LINESTRING (-120.6687229 47.5970591, -120.6686127 47.5970575, -120.6685726 47.5970569, -120.6678543 47.5970465, -120.6677287 47.5970447, -120.6669259 47.5970332)"
85,"LINESTRING (-120.6687229 47.5970591, -120.6687221 47.5970086, -120.6687191 47.596824, -120.6687169 47.5966902)"
86,"LINESTRING (-120.6687229 47.5970591, -120.6687215 47.5971025, -120.6687157 47.5972776, -120.6687146 47.5973435, -120.6687131 47.5974414, -120.6687124 47.5976092, -120.668711 47.5979165, -120.6687108 47.5979669)"
87,"LINESTRING (-120.6564086 47.600518, -120.6574704 47.6005323, -120.6577783 47.6005365, -120.6578939 47.6005381)"
88,"LINESTRING (-120.6564086 47.600518, -120.6554382 47.6005137, -120.655291 47.6005132, -120.6552156 47.6005109, -120.6551433 47.6005035, -120.6550711 47.6004853, -120.6550516 47.6004703, -120.6550322 47.6004498, -120.6550169 47.6004221, -120.6550051 47.6003837, -120.6549982 47.6003346, -120.6549944 47.600081, -120.6549943 47.6000753, -120.6549853 47.6000546, -120.6549757 47.600037, -120.6549607 47.6000176, -120.6549298 47.5999964, -120.654899 47.5999843)"
89,"LINESTRING (-120.6564086 47.600518, -120.656414 47.6008622)"
90,"LINESTRING (-120.6578939 47.6005381, -120.6579212 47.6006093, -120.65793 47.6007016, -120.657934 47.6008301, -120.6579369 47.6011718, -120.6579671 47.6019089, -120.6579678 47.6019283, -120.6579711 47.602015, -120.6579731 47.6020698, -120.6579796 47.6022194, -120.658 47.6026932, -120.6580041 47.602828)"
91,"LINESTRING (-120.6578939 47.6005381, -120.6577783 47.6005365, -120.6574704 47.6005323, -120.6564086 47.600518)"
92,"LINESTRING (-120.6578939 47.6005381, -120.6580333 47.6005428, -120.6580606 47.6005437, -120.6587178 47.6005563, -120.6593626 47.6005687)"
93,"LINESTRING (-120.6578939 47.6005381, -120.6578507 47.6004481, -120.6578416 47.6004293, -120.6578476 47.6001002, -120.6578604 47.599656)"
94,"LINESTRING (-120.6593626 47.6005687, -120.6587178 47.6005563, -120.6580606 47.6005437, -120.6580333 47.6005428, -120.6578939 47.6005381)"
95,"LINESTRING (-120.6593626 47.6005687, -120.6594248 47.6005694, -120.6599441 47.6005754, -120.660049 47.6005766, -120.6603209 47.6005797, -120.6604518 47.6005812, -120.6606139 47.6005824)"
96,"LINESTRING (-120.6593626 47.6005687, -120.6593621 47.6004889, -120.6593266 47.6001238, -120.6593057 47.599678)"
97,"LINESTRING (-120.6606139 47.6005824, -120.6604518 47.6005812, -120.6603209 47.6005797, -120.660049 47.6005766, -120.6599441 47.6005754, -120.6594248 47.6005694, -120.6593626 47.6005687)"
98,"LINESTRING (-120.6606139 47.6005824, -120.6610947 47.600589, -120.6613701 47.6005928, -120.6619451 47.6006006)"
99,"LINESTRING (-120.6606139 47.6005824, -120.6606159 47.6005076, -120.6606164 47.600486, -120.6606322 47.6001434, -120.6606324 47.6001364, -120.6606407 47.5997019)"
100,"LINESTRING (-120.6619451 47.6006006, -120.6621074 47.6006038, -120.6631682 47.6006175, -120.6632747 47.6006189)"
101,"LINESTRING (-120.6619451 47.6006006, -120.6613701 47.6005928, -120.6610947 47.600589, -120.6606139 47.6005824)"
102,"LINESTRING (-120.6619451 47.6006006, -120.661949 47.6005249, -120.6619501 47.6005039, -120.6619687 47.6001398, -120.661988 47.5997103)"
103,"LINESTRING (-120.6650329 47.6006472, -120.6650105 47.6006469, -120.6644773 47.6006407, -120.6644248 47.6006401, -120.6641808 47.6006373, -120.6641205 47.6006366, -120.663955 47.6006348, -120.6636545 47.6006314, -120.6634266 47.6006239, -120.6632747 47.6006189)"
104,"LINESTRING (-120.6650329 47.6006472, -120.6652012 47.6006498, -120.6655487 47.600655, -120.6659351 47.6006609, -120.6660483 47.6006626, -120.6661054 47.6006635, -120.666312 47.6006666, -120.6665459 47.6006702, -120.6666702 47.600672, -120.6668343 47.6006748)"
105,"LINESTRING (-120.6650329 47.6006472, -120.6650352 47.6005732, -120.6650858 47.5989357, -120.6650894 47.598818)"
106,"LINESTRING (-120.6668343 47.6006748, -120.6666702 47.600672, -120.6665459 47.6006702, -120.666312 47.6006666, -120.6661054 47.6006635, -120.6660483 47.6006626, -120.6659351 47.6006609, -120.6655487 47.600655, -120.6652012 47.6006498, -120.6650329 47.6006472)"
107,"LINESTRING (-120.6668343 47.6006748, -120.6669865 47.6006765, -120.667623 47.6006835, -120.6682049 47.6006899, -120.668523 47.600699, -120.6685557 47.6006986, -120.6686748 47.6006971)"
108,"LINESTRING (-120.6668343 47.6006748, -120.6668358 47.6006199, -120.6668363 47.6006011, -120.6668792 47.5989361, -120.6668767 47.5988474)"
109,"LINESTRING (-120.6668343 47.6006748, -120.6668313 47.600741, -120.66683 47.6007694, -120.6668052 47.6013032)"
110,"LINESTRING (-120.6686748 47.6006971, -120.6685557 47.6006986, -120.668523 47.600699, -120.6682049 47.6006899, -120.667623 47.6006835, -120.6669865 47.6006765, -120.6668343 47.6006748)"
111,"LINESTRING (-120.6686748 47.6006971, -120.6686868 47.6006253, -120.6687029 47.6002212, -120.6687051 47.6000286, -120.668705 47.5997865)"
112,"LINESTRING (-120.6481794 47.6010878, -120.6482124 47.6010339, -120.648272 47.6009591, -120.6483616 47.6008808, -120.6485818 47.6007638, -120.6491639 47.6004482, -120.6499873 47.6000042, -120.6506172 47.5996581, -120.6508201 47.5995466, -120.6511956 47.5993304, -120.6514992 47.5991502, -120.6516087 47.5990772, -120.6516671 47.5990193, -120.6517026 47.5989841, -120.651772 47.5988925, -120.651812 47.5988396, -120.6518303 47.5988201, -120.6518948 47.5987513)"
113,"LINESTRING (-120.6481794 47.6010878, -120.6471241 47.601829, -120.646192 47.6024177, -120.6460419 47.6025117, -120.6459922 47.6025714, -120.645968 47.6026275, -120.6459493 47.6026932, -120.6459492 47.6027387, -120.6459586 47.6027884, -120.6459862 47.6028519, -120.646027 47.6029024, -120.6460713 47.6029485, -120.6461453 47.6029983, -120.6462255 47.6030263, -120.6463196 47.6030504, -120.6464092 47.603057, -120.6464924 47.6030516, -120.646557 47.6030342, -120.646711 47.6029838, -120.6470275 47.6028463, -120.6475371 47.6025678, -120.6485156 47.602044, -120.6488245 47.6018288, -120.6488276 47.6017375, -120.6487866 47.60161, -120.6486356 47.6014883, -120.6481794 47.6010878)"
114,"LINESTRING (-120.6481794 47.6010878, -120.6486356 47.6014883, -120.6487866 47.60161, -120.6488276 47.6017375, -120.6488245 47.6018288, -120.6485156 47.602044, -120.6475371 47.6025678, -120.6470275 47.6028463, -120.646711 47.6029838, -120.646557 47.6030342, -120.6464924 47.6030516, -120.6464092 47.603057, -120.6463196 47.6030504, -120.6462255 47.6030263, -120.6461453 47.6029983, -120.6460713 47.6029485, -120.646027 47.6029024, -120.6459862 47.6028519, -120.6459586 47.6027884, -120.6459492 47.6027387, -120.6459493 47.6026932, -120.645968 47.6026275, -120.6459922 47.6025714, -120.6460419 47.6025117, -120.646192 47.6024177, -120.6471241 47.601829, -120.6481794 47.6010878)"
115,"LINESTRING (-120.6675683 47.5891323, -120.6676235 47.5894992, -120.6676689 47.5895798, -120.6677382 47.589637, -120.6678553 47.5896991, -120.66797 47.5897216, -120.6680823 47.5897249, -120.6682233 47.5896975, -120.6685393 47.5895987, -120.6686737 47.5895677, -120.6687884 47.5895508, -120.6688813 47.5895506, -120.6689478 47.5895592, -120.6690096 47.5895731, -120.6691229 47.589617, -120.6691973 47.5896569, -120.6692509 47.5897049, -120.6693408 47.5897917, -120.6694266 47.5898677, -120.6695205 47.5899328, -120.6696093 47.5899837)"
116,"LINESTRING (-120.6696093 47.5899837, -120.6695205 47.5899328, -120.6694266 47.5898677, -120.6693408 47.5897917, -120.6692509 47.5897049, -120.6691973 47.5896569, -120.6691229 47.589617, -120.6690096 47.5895731, -120.6689478 47.5895592, -120.6688813 47.5895506, -120.6687884 47.5895508, -120.6686737 47.5895677, -120.6685393 47.5895987, -120.6682233 47.5896975, -120.6680823 47.5897249, -120.66797 47.5897216, -120.6678553 47.5896991, -120.6677382 47.589637, -120.6676689 47.5895798, -120.6676235 47.5894992, -120.6675683 47.5891323)"
117,"LINESTRING (-120.6696093 47.5899837, -120.6696721 47.5900223, -120.669825 47.5901165, -120.6699047 47.5901817, -120.6699501 47.5902526, -120.6699661 47.5903387, -120.6699635 47.5905739, -120.6699629 47.5906303)"
118,"LINESTRING (-120.6696093 47.5899837, -120.6717652 47.5882425, -120.6718092 47.58821, -120.6718644 47.5881855, -120.671914 47.5881753, -120.6720335 47.5881608, -120.6721556 47.5881752)"
119,"LINESTRING (-120.6696093 47.5899837, -120.6694073 47.5901364, -120.6693692 47.5902163, -120.6693371 47.5903303, -120.6693453 47.5906094)"
120,"LINESTRING (-120.6620271 47.597892, -120.6632592 47.5979097, -120.6633634 47.5979119)"
121,"LINESTRING (-120.6620271 47.597892, -120.6620411 47.5974358, -120.6620572 47.5970217)"
122,"LINESTRING (-120.6620271 47.597892, -120.6620132 47.5983399, -120.6620044 47.5986136, -120.6620009 47.5987225, -120.6619992 47.5987763)"
123,"LINESTRING (-120.6620271 47.597892, -120.6607828 47.5978873, -120.6606841 47.5978869)"
124,"LINESTRING (-120.6619992 47.5987763, -120.6621863 47.5987794, -120.6633506 47.5987984)"
125,"LINESTRING (-120.6619992 47.5987763, -120.6620009 47.5987225, -120.6620044 47.5986136, -120.6620132 47.5983399, -120.6620271 47.597892)"
126,"LINESTRING (-120.6619992 47.5987763, -120.6610669 47.5987764, -120.660666 47.5987765)"
127,"LINESTRING (-120.661988 47.5997103, -120.6633211 47.5997235)"
128,"LINESTRING (-120.661988 47.5997103, -120.6619687 47.6001398, -120.6619501 47.6005039, -120.661949 47.6005249, -120.6619451 47.6006006)"
129,"LINESTRING (-120.661988 47.5997103, -120.6606407 47.5997019)"
130,"LINESTRING (-120.654899 47.5999843, -120.6549298 47.5999964, -120.6549607 47.6000176, -120.6549757 47.600037, -120.6549853 47.6000546, -120.6549943 47.6000753, -120.6549944 47.600081, -120.6549982 47.6003346, -120.6550051 47.6003837, -120.6550169 47.6004221, -120.6550322 47.6004498, -120.6550516 47.6004703, -120.6550711 47.6004853, -120.6551433 47.6005035, -120.6552156 47.6005109, -120.655291 47.6005132, -120.6554382 47.6005137, -120.6564086 47.600518)"
131,"LINESTRING (-120.654899 47.5999843, -120.6546564 47.5999664, -120.6546084 47.5999629, -120.6545146 47.5999559)"
132,"LINESTRING (-120.654899 47.5999843, -120.6551547 47.5998089, -120.655322 47.5997239, -120.655389 47.5996965, -120.6554605 47.5996721, -120.6555246 47.5996584, -120.6556065 47.5996477, -120.6556789 47.5996414, -120.6557937 47.5996374, -120.6565213 47.599645)"
133,"LINESTRING (-120.6578604 47.599656, -120.6578476 47.6001002, -120.6578416 47.6004293, -120.6578507 47.6004481, -120.6578939 47.6005381)"
134,"LINESTRING (-120.6578604 47.599656, -120.6579501 47.5996592, -120.6579635 47.5996597, -120.6593057 47.599678)"
135,"LINESTRING (-120.6578604 47.599656, -120.6578663 47.5994145, -120.6578729 47.5992419, -120.6578822 47.5991975, -120.6579236 47.5991234, -120.6579943 47.5990568, -120.6580737 47.5990056, -120.65816 47.5989651, -120.6581743 47.598959, -120.6582708 47.5989176, -120.6583734 47.5988819, -120.6585227 47.5988372, -120.6585628 47.5988252, -120.6587269 47.598782, -120.6589241 47.5987559, -120.6593403 47.5987572)"
136,"LINESTRING (-120.6578604 47.599656, -120.6577632 47.5996532, -120.6577513 47.5996528, -120.6565213 47.599645)"
137,"LINESTRING (-120.6593057 47.599678, -120.6593266 47.6001238, -120.6593621 47.6004889, -120.6593626 47.6005687)"
138,"LINESTRING (-120.6593057 47.599678, -120.6579635 47.5996597, -120.6579501 47.5996592, -120.6578604 47.599656)"
139,"LINESTRING (-120.6593057 47.599678, -120.6606407 47.5997019)"
140,"LINESTRING (-120.6593057 47.599678, -120.6593201 47.5992159, -120.6593374 47.5988236, -120.6593403 47.5987572)"
141,"LINESTRING (-120.6606407 47.5997019, -120.6606324 47.6001364, -120.6606322 47.6001434, -120.6606164 47.600486, -120.6606159 47.6005076, -120.6606139 47.6005824)"
142,"LINESTRING (-120.6606407 47.5997019, -120.661988 47.5997103)"
143,"LINESTRING (-120.6606407 47.5997019, -120.6593057 47.599678)"
144,"LINESTRING (-120.6606407 47.5997019, -120.660661 47.5992235, -120.6606624 47.5990792, -120.660666 47.5987765)"
145,"LINESTRING (-120.6699629 47.5906303, -120.6700733 47.5906325, -120.6702168 47.5906193, -120.6703217 47.5905744, -120.6712629 47.5899738)"
146,"LINESTRING (-120.6699629 47.5906303, -120.6699635 47.5905739, -120.6699661 47.5903387, -120.6699501 47.5902526, -120.6699047 47.5901817, -120.669825 47.5901165, -120.6696721 47.5900223, -120.6696093 47.5899837)"
147,"LINESTRING (-120.6699629 47.5906303, -120.6693453 47.5906094)"
148,"LINESTRING (-120.6595873 47.5944828, -120.6596473 47.5945359, -120.6599327 47.594792, -120.6602125 47.5950392, -120.6602955 47.5951105)"
149,"LINESTRING (-120.6595873 47.5944828, -120.6599022 47.594331, -120.660197 47.5941908, -120.6608462 47.5938854, -120.6608961 47.5938615, -120.6609792 47.5938217, -120.6612031 47.5940156, -120.6613249 47.5941211, -120.6613397 47.5941339, -120.6615237 47.5943009, -120.6615595 47.5943313, -120.66163 47.5943939)"
150,"LINESTRING (-120.6595873 47.5944828, -120.659467 47.5945408, -120.6588786 47.5947306)"
151,"LINESTRING (-120.6602955 47.5951105, -120.66039 47.5951869, -120.6606791 47.595435, -120.6609741 47.5956845, -120.6610743 47.5957446, -120.6611513 47.5957946, -120.6613449 47.5959119, -120.6614924 47.5960163, -120.6614953 47.5960195, -120.6615876 47.5961136)"
152,"LINESTRING (-120.6602955 47.5951105, -120.6602125 47.5950392, -120.6599327 47.594792, -120.6596473 47.5945359, -120.6595873 47.5944828)"
153,"LINESTRING (-120.6602955 47.5951105, -120.6601993 47.5951671, -120.660142 47.5952027, -120.6597376 47.5954188, -120.6596063 47.5954885, -120.6593375 47.5956312, -120.6589508 47.5958364)"
154,"LINESTRING (-120.6602955 47.5951105, -120.660391 47.5950576, -120.6607376 47.594876, -120.660945 47.5947676, -120.6609935 47.5947427, -120.6611211 47.5946725, -120.6613546 47.5945455, -120.6615125 47.5944648, -120.661536 47.5944536, -120.66163 47.5943939)"
155,"LINESTRING (-120.6721556 47.5881752, -120.6721594 47.5895, -120.672151 47.5895776, -120.6721273 47.5896251, -120.6720771 47.5896833, -120.6719936 47.5897226, -120.6719059 47.5897396, -120.6717905 47.5897509, -120.6716592 47.5897578, -120.671603 47.5897706, -120.6715597 47.5897938, -120.6714983 47.5898333, -120.6713492 47.5899223, -120.6712629 47.5899738)"
156,"LINESTRING (-120.6721556 47.5881752, -120.6720335 47.5881608, -120.671914 47.5881753, -120.6718644 47.5881855, -120.6718092 47.58821, -120.6717652 47.5882425, -120.6696093 47.5899837)"
157,"LINESTRING (-120.6721556 47.5881752, -120.6721528 47.5880997, -120.6721455 47.5879599, -120.6715399 47.5876017, -120.6714408 47.5875409)"
158,"LINESTRING (-120.6693453 47.5906094, -120.6693371 47.5903303, -120.6693692 47.5902163, -120.6694073 47.5901364, -120.6696093 47.5899837)"
159,"LINESTRING (-120.6693453 47.5906094, -120.6699629 47.5906303)"
160,"LINESTRING (-120.6693453 47.5906094, -120.668883 47.5908692)"
161,"LINESTRING (-120.6593403 47.5987572, -120.6589241 47.5987559, -120.6587269 47.598782, -120.6585628 47.5988252, -120.6585227 47.5988372, -120.6583734 47.5988819, -120.6582708 47.5989176, -120.6581743 47.598959, -120.65816 47.5989651, -120.6580737 47.5990056, -120.6579943 47.5990568, -120.6579236 47.5991234, -120.6578822 47.5991975, -120.6578729 47.5992419, -120.6578663 47.5994145, -120.6578604 47.599656)"
162,"LINESTRING (-120.6593403 47.5987572, -120.6593374 47.5988236, -120.6593201 47.5992159, -120.6593057 47.599678)"
163,"LINESTRING (-120.6593403 47.5987572, -120.6593412 47.5987034, -120.6593376 47.5984413, -120.6593536 47.5983936, -120.6593898 47.5983501, -120.6594539 47.5983191)"
164,"LINESTRING (-120.6593403 47.5987572, -120.6602338 47.5987702, -120.6603558 47.598772, -120.660666 47.5987765)"
165,"LINESTRING (-120.6694787 47.5933939, -120.6702952 47.593409, -120.6704487 47.5934125, -120.6707636 47.5934166, -120.671211 47.5934223)"
166,"LINESTRING (-120.6694787 47.5933939, -120.6696249 47.5932828, -120.6697095 47.5932281, -120.6698329 47.5931482, -120.6699795 47.5930534, -120.6701253 47.5929591, -120.6704795 47.5927299, -120.6707173 47.592576, -120.6707288 47.5925686, -120.6709691 47.5924131, -120.6711897 47.5922704, -120.6712858 47.5922081, -120.6718467 47.5918452, -120.6718918 47.591816)"
167,"LINESTRING (-120.6694787 47.5933939, -120.6693327 47.5933909, -120.6689427 47.5933838, -120.6689028 47.5933831, -120.6688107 47.593386, -120.6687521 47.593392, -120.6686897 47.5934081, -120.6686514 47.5934264, -120.6686016 47.5934601)"
168,"LINESTRING (-120.6715247 47.5934329, -120.671211 47.5934223)"
169,"LINESTRING (-120.6715247 47.5934329, -120.6720612 47.5934404, -120.6740585 47.5934781, -120.6742333 47.5934804, -120.6743788 47.5935158)"
170,"LINESTRING (-120.6715247 47.5934329, -120.6715235 47.5934981, -120.6714828 47.5942784)"
171,"LINESTRING (-120.6743788 47.5935158, -120.6742333 47.5934804, -120.6740585 47.5934781, -120.6720612 47.5934404, -120.6715247 47.5934329)"
172,"LINESTRING (-120.6743788 47.5935158, -120.6744801 47.5935347, -120.6745053 47.5935394, -120.6746623 47.593542, -120.6755844 47.5935601, -120.6756686 47.5935618, -120.6757615 47.5935615, -120.6760061 47.5935606, -120.6762032 47.5935329)"
173,"LINESTRING (-120.6743788 47.5935158, -120.6744036 47.593664, -120.6744131 47.5938294, -120.6744131 47.5939575, -120.6743765 47.5941581, -120.6743453 47.5943068)"
174,"LINESTRING (-120.6762032 47.5935329, -120.6760061 47.5935606, -120.6757615 47.5935615, -120.6756686 47.5935618, -120.6755844 47.5935601, -120.6746623 47.593542, -120.6745053 47.5935394, -120.6744801 47.5935347, -120.6743788 47.5935158)"
175,"LINESTRING (-120.6606841 47.5978869, -120.6607828 47.5978873, -120.6620271 47.597892)"
176,"LINESTRING (-120.6606841 47.5978869, -120.660687 47.5977609, -120.6606958 47.5976927, -120.6607239 47.5976515, -120.6607537 47.597624, -120.6608085 47.5975852, -120.6609991 47.597497, -120.6611488 47.5974123, -120.6612403 47.5973486, -120.6614363 47.597179, -120.6617491 47.5969084)"
177,"LINESTRING (-120.6606841 47.5978869, -120.6606802 47.5980494, -120.6606752 47.598317, -120.660666 47.5987765)"
178,"LINESTRING (-120.6589508 47.5958364, -120.6593375 47.5956312, -120.6596063 47.5954885, -120.6597376 47.5954188, -120.660142 47.5952027, -120.6601993 47.5951671, -120.6602955 47.5951105)"
179,"LINESTRING (-120.6589508 47.5958364, -120.657794 47.5964504, -120.6576457 47.5965291)"
180,"LINESTRING (-120.6589508 47.5958364, -120.6589901 47.5958699, -120.659304 47.5961374, -120.6593191 47.5961502, -120.6596089 47.5964111, -120.6596628 47.5964596, -120.6595563 47.596506, -120.6589839 47.596816, -120.6589238 47.5968463, -120.6587165 47.5969258, -120.6584913 47.5970078, -120.6583252 47.597048, -120.658262 47.5970454, -120.6581445 47.5970057, -120.6580899 47.5969792)"
181,"LINESTRING (-120.6714828 47.5942784, -120.6715235 47.5934981, -120.6715247 47.5934329)"
182,"LINESTRING (-120.6714828 47.5942784, -120.6714604 47.5947114, -120.6714421 47.5950682, -120.6714421 47.5950865, -120.6714399 47.5951316)"
183,"LINESTRING (-120.6714828 47.5942784, -120.6721906 47.5942934, -120.6724549 47.594299, -120.6742116 47.5943317, -120.6743453 47.5943068)"
184,"LINESTRING (-120.6714828 47.5942784, -120.6698788 47.5942463)"
185,"LINESTRING (-120.6714399 47.5951316, -120.6692342 47.5950884, -120.6689841 47.5950835, -120.6688878 47.5950816, -120.6688462 47.5950809, -120.6687239 47.5950787)"
186,"LINESTRING (-120.6714399 47.5951316, -120.6714421 47.5950865, -120.6714421 47.5950682, -120.6714604 47.5947114, -120.6714828 47.5942784)"
187,"LINESTRING (-120.6714399 47.5951316, -120.671437 47.5951838, -120.6714185 47.5955648, -120.6713868 47.5960047)"
188,"LINESTRING (-120.6714399 47.5951316, -120.6719978 47.5951417, -120.6723151 47.5951477, -120.6725567 47.5951523, -120.6728107 47.5951571, -120.6730604 47.5951618, -120.6733244 47.5951668, -120.673815 47.5951761, -120.6740022 47.5951796, -120.6742495 47.5951843)"
189,"LINESTRING (-120.6713868 47.5960047, -120.6714185 47.5955648, -120.671437 47.5951838, -120.6714399 47.5951316)"
190,"LINESTRING (-120.6713868 47.5960047, -120.6719224 47.5960163)"
191,"LINESTRING (-120.6713868 47.5960047, -120.6708448 47.5960042)"
192,"LINESTRING (-120.6719224 47.5960163, -120.6713868 47.5960047)"
193,"LINESTRING (-120.6719224 47.5960163, -120.6719189 47.5963411)"
194,"LINESTRING (-120.6719224 47.5960163, -120.6721088 47.5960205, -120.6723419 47.5960393, -120.6724812 47.5960501, -120.6725352 47.5960543, -120.6726163 47.5960696, -120.6726573 47.5960802, -120.6726962 47.5960956, -120.6727579 47.5961236, -120.6728049 47.5961318, -120.6728491 47.5961272, -120.6729048 47.5960957)"
195,"LINESTRING (-120.6719189 47.5963411, -120.6719224 47.5960163)"
196,"LINESTRING (-120.6676948 47.5916325, -120.6669135 47.592132, -120.6668219 47.5921906)"
197,"LINESTRING (-120.6676948 47.5916325, -120.668883 47.5908692)"
198,"LINESTRING (-120.6676948 47.5916325, -120.667184 47.5912976, -120.6683599 47.5905396)"
199,"LINESTRING (-120.6768059 47.595386, -120.676454 47.5953797, -120.6761858 47.5953752, -120.6761372 47.5953744, -120.6758654 47.5953699, -120.6747188 47.5953506, -120.6745782 47.5953483, -120.6743292 47.5953441, -120.674251 47.5953428)"
200,"LINESTRING (-120.6768059 47.595386, -120.6768213 47.5955597, -120.6768178 47.5956399, -120.6768125 47.5957483, -120.6767903 47.5958192, -120.6767455 47.5958766, -120.6767124 47.5959019, -120.6766971 47.5959135, -120.6766207 47.5959494, -120.6764927 47.5959805, -120.6764065 47.595987, -120.6761231 47.5959807, -120.675399 47.5959693, -120.6752749 47.5959673, -120.6743118 47.595945, -120.6741991 47.5959424)"
201,"LINESTRING (-120.6768059 47.595386, -120.6768257 47.5949199)"
202,"LINESTRING (-120.674251 47.5953428, -120.6743292 47.5953441, -120.6745782 47.5953483, -120.6747188 47.5953506, -120.6758654 47.5953699, -120.6761372 47.5953744, -120.6761858 47.5953752, -120.676454 47.5953797, -120.6768059 47.595386)"
203,"LINESTRING (-120.674251 47.5953428, -120.6742495 47.5951843)"
204,"LINESTRING (-120.674251 47.5953428, -120.674221 47.5957561, -120.6741991 47.5959424)"
205,"LINESTRING (-120.6718918 47.591816, -120.6723058 47.5921196, -120.6727308 47.5924235)"
206,"LINESTRING (-120.6718918 47.591816, -120.6720374 47.5917212, -120.6721952 47.5916185, -120.6729022 47.5911585)"
207,"LINESTRING (-120.6718918 47.591816, -120.6718467 47.5918452, -120.6712858 47.5922081, -120.6711897 47.5922704, -120.6709691 47.5924131, -120.6707288 47.5925686, -120.6707173 47.592576, -120.6704795 47.5927299, -120.6701253 47.5929591, -120.6699795 47.5930534, -120.6698329 47.5931482, -120.6697095 47.5932281, -120.6696249 47.5932828, -120.6694787 47.5933939)"
208,"LINESTRING (-120.673102 47.5926924, -120.6727308 47.5924235)"
209,"LINESTRING (-120.6687182 47.5959712, -120.6687224 47.5957145, -120.6687263 47.5954708, -120.6687246 47.5954234, -120.6687181 47.5952439, -120.6687239 47.5950787)"
210,"LINESTRING (-120.6687182 47.5959712, -120.6685478 47.5961032, -120.6685217 47.596118, -120.6684457 47.5961612, -120.6678317 47.5964845, -120.6676123 47.5966, -120.6671544 47.596841, -120.6670563 47.5968925, -120.6669897 47.5969354, -120.6669368 47.5969859, -120.6669259 47.5970332)"
211,"LINESTRING (-120.6687182 47.5959712, -120.6687177 47.5962544, -120.6687175 47.596343, -120.6687169 47.5966902)"
212,"LINESTRING (-120.6687182 47.5959712, -120.668846 47.5959677, -120.668862 47.5959678, -120.6693246 47.5959705, -120.6708448 47.5960042)"
213,"LINESTRING (-120.6687169 47.5966902, -120.6687191 47.596824, -120.6687221 47.5970086, -120.6687229 47.5970591)"
214,"LINESTRING (-120.6687169 47.5966902, -120.6687175 47.596343, -120.6687177 47.5962544, -120.6687182 47.5959712)"
215,"LINESTRING (-120.6687169 47.5966902, -120.6688411 47.5966924, -120.668862 47.5966927, -120.6708175 47.5967266)"
216,"LINESTRING (-120.6687108 47.5979669, -120.668711 47.5979165, -120.6687124 47.5976092, -120.6687131 47.5974414, -120.6687146 47.5973435, -120.6687157 47.5972776, -120.6687215 47.5971025, -120.6687229 47.5970591)"
217,"LINESTRING (-120.6687108 47.5979669, -120.6687107 47.5979989, -120.6687115 47.5982654, -120.6687118 47.5983843, -120.6687128 47.5987223, -120.6687131 47.5988364, -120.6687132 47.5988697)"
218,"LINESTRING (-120.6687132 47.5988697, -120.6687131 47.5988364, -120.6687128 47.5987223, -120.6687118 47.5983843, -120.6687115 47.5982654, -120.6687107 47.5979989, -120.6687108 47.5979669)"
219,"LINESTRING (-120.6687132 47.5988697, -120.6687127 47.5989295, -120.668711 47.5991121, -120.6687088 47.5993689, -120.6687076 47.5995005, -120.668705 47.5997865)"
220,"LINESTRING (-120.6687132 47.5988697, -120.6685847 47.5988682, -120.6668767 47.5988474)"
221,"LINESTRING (-120.668705 47.5997865, -120.6687051 47.6000286, -120.6687029 47.6002212, -120.6686868 47.6006253, -120.6686748 47.6006971)"
222,"LINESTRING (-120.668705 47.5997865, -120.6687076 47.5995005, -120.6687088 47.5993689, -120.668711 47.5991121, -120.6687127 47.5989295, -120.6687132 47.5988697)"
223,"LINESTRING (-120.668705 47.5997865, -120.6693822 47.5998008)"
224,"LINESTRING (-120.6716874 47.5998237, -120.670515 47.5998119, -120.669598 47.5998055, -120.6695025 47.5998034, -120.6693822 47.5998008)"
225,"LINESTRING (-120.6668219 47.5921906, -120.6669015 47.5922464, -120.666922 47.5922608, -120.6675495 47.5927099, -120.6675641 47.5927239, -120.667632 47.5927889)"
226,"LINESTRING (-120.6668219 47.5921906, -120.6669135 47.592132, -120.6676948 47.5916325)"
227,"LINESTRING (-120.6668219 47.5921906, -120.666336 47.592541, -120.6661832 47.5926431, -120.6661221 47.5926839, -120.6659913 47.5927714, -120.6648798 47.5935146, -120.6646307 47.5936461, -120.6646046 47.5936598, -120.6642554 47.5938043, -120.6639935 47.5938949, -120.6637553 47.5939484, -120.6635661 47.5939695, -120.662668 47.5940162, -120.6624867 47.5940257, -120.6623411 47.5940424, -120.6622296 47.5940738, -120.6620583 47.5941257, -120.6617147 47.5943434, -120.66163 47.5943939)"
228,"LINESTRING (-120.6743453 47.5943068, -120.6743765 47.5941581, -120.6744131 47.5939575, -120.6744131 47.5938294, -120.6744036 47.593664, -120.6743788 47.5935158)"
229,"LINESTRING (-120.6743453 47.5943068, -120.6742116 47.5943317, -120.6724549 47.594299, -120.6721906 47.5942934, -120.6714828 47.5942784)"
230,"LINESTRING (-120.6743453 47.5943068, -120.6743014 47.5945386, -120.6742702 47.5946986, -120.6742521 47.5951238, -120.6742495 47.5951843)"
231,"LINESTRING (-120.6743453 47.5943068, -120.6745097 47.5942818, -120.6747938 47.5942879)"
232,"LINESTRING (-120.6742495 47.5951843, -120.6740022 47.5951796, -120.673815 47.5951761, -120.6733244 47.5951668, -120.6730604 47.5951618, -120.6728107 47.5951571, -120.6725567 47.5951523, -120.6723151 47.5951477, -120.6719978 47.5951417, -120.6714399 47.5951316)"
233,"LINESTRING (-120.6742495 47.5951843, -120.674251 47.5953428)"
234,"LINESTRING (-120.6742495 47.5951843, -120.6742521 47.5951238, -120.6742702 47.5946986, -120.6743014 47.5945386, -120.6743453 47.5943068)"
235,"LINESTRING (-120.6741991 47.5959424, -120.6741822 47.5961261)"
236,"LINESTRING (-120.6741991 47.5959424, -120.6743118 47.595945, -120.6752749 47.5959673, -120.675399 47.5959693, -120.6761231 47.5959807, -120.6764065 47.595987, -120.6764927 47.5959805, -120.6766207 47.5959494, -120.6766971 47.5959135, -120.6767124 47.5959019, -120.6767455 47.5958766, -120.6767903 47.5958192, -120.6768125 47.5957483, -120.6768178 47.5956399, -120.6768213 47.5955597, -120.6768059 47.595386)"
237,"LINESTRING (-120.6741991 47.5959424, -120.674221 47.5957561, -120.674251 47.5953428)"
238,"LINESTRING (-120.668883 47.5908692, -120.6693453 47.5906094)"
239,"LINESTRING (-120.668883 47.5908692, -120.6676948 47.5916325)"
240,"LINESTRING (-120.668883 47.5908692, -120.6683599 47.5905396)"
241,"LINESTRING (-120.6576457 47.5965291, -120.6572303 47.5961732)"
242,"LINESTRING (-120.6576457 47.5965291, -120.657794 47.5964504, -120.6589508 47.5958364)"
243,"LINESTRING (-120.6576457 47.5965291, -120.6576655 47.5965467, -120.6579805 47.5968491, -120.6580178 47.5968903, -120.6580899 47.5969792)"
244,"LINESTRING (-120.6708175 47.5967266, -120.668862 47.5966927, -120.6688411 47.5966924, -120.6687169 47.5966902)"
245,"LINESTRING (-120.6708175 47.5967266, -120.6708033 47.597242)"
246,"LINESTRING (-120.6708175 47.5967266, -120.6708448 47.5960042)"
247,"LINESTRING (-120.6654396 47.595643, -120.6657944 47.5959424, -120.6658218 47.5959644, -120.6661757 47.5962491, -120.6662392 47.5963002)"
248,"LINESTRING (-120.6654396 47.595643, -120.6646139 47.596079, -120.6634779 47.5966629, -120.6634238 47.59673, -120.6633927 47.5967953, -120.6633834 47.5968928, -120.663387 47.5969729, -120.6633896 47.5970316)"
249,"LINESTRING (-120.6654396 47.595643, -120.665523 47.5955985, -120.6660149 47.5953006, -120.6666237 47.5949859, -120.667746 47.5944168, -120.6682624 47.5941459, -120.6683497 47.5940996, -120.6685322 47.5940019, -120.6686527 47.5939373, -120.6687025 47.5939119)"
250,"LINESTRING (-120.6708033 47.597242, -120.6708175 47.5967266)"
251,"LINESTRING (-120.6708448 47.5960042, -120.6713868 47.5960047)"
252,"LINESTRING (-120.6708448 47.5960042, -120.6693246 47.5959705, -120.668862 47.5959678, -120.668846 47.5959677, -120.6687182 47.5959712)"
253,"LINESTRING (-120.6708448 47.5960042, -120.6708175 47.5967266)"
254,"LINESTRING (-120.6555328 47.5982778, -120.6554399 47.5982, -120.6554195 47.598183, -120.6550887 47.597902, -120.6546503 47.5975424)"
255,"LINESTRING (-120.6555328 47.5982778, -120.6556267 47.5982281, -120.6561808 47.5979349, -120.6565212 47.5977547, -120.6566479 47.5976877)"
256,"LINESTRING (-120.6555328 47.5982778, -120.6553975 47.5983521, -120.655323 47.5983934, -120.6551066 47.59851, -120.6547264 47.5987148, -120.6544702 47.5988529, -120.6543963 47.598894)"
257,"LINESTRING (-120.6545146 47.5999559, -120.6545205 47.5998853, -120.6545141 47.5997927, -120.6544927 47.599707, -120.6544662 47.5996259, -120.6544289 47.5995502, -120.6543191 47.5993464, -120.6542621 47.5992218, -120.6542445 47.5991003)"
258,"LINESTRING (-120.6545146 47.5999559, -120.6546084 47.5999629, -120.6546564 47.5999664, -120.654899 47.5999843)"
259,"LINESTRING (-120.6683599 47.5905396, -120.667184 47.5912976, -120.6676948 47.5916325)"
260,"LINESTRING (-120.6683599 47.5905396, -120.668883 47.5908692)"
261,"LINESTRING (-120.6683599 47.5905396, -120.6678869 47.5902391)"
262,"LINESTRING (-120.6580899 47.5969792, -120.6581445 47.5970057, -120.658262 47.5970454, -120.6583252 47.597048, -120.6584913 47.5970078, -120.6587165 47.5969258, -120.6589238 47.5968463, -120.6589839 47.596816, -120.6595563 47.596506, -120.6596628 47.5964596, -120.6596089 47.5964111, -120.6593191 47.5961502, -120.659304 47.5961374, -120.6589901 47.5958699, -120.6589508 47.5958364)"
263,"LINESTRING (-120.6580899 47.5969792, -120.6580178 47.5968903, -120.6579805 47.5968491, -120.6576655 47.5965467, -120.6576457 47.5965291)"
264,"LINESTRING (-120.6580899 47.5969792, -120.6579701 47.5970046, -120.6569504 47.5975311, -120.6567409 47.5976394, -120.6566479 47.5976877)"
265,"LINESTRING (-120.6566479 47.5976877, -120.6567226 47.5977516, -120.6571721 47.598136, -120.6572895 47.5982363, -120.6573605 47.5982971)"
266,"LINESTRING (-120.6566479 47.5976877, -120.6565212 47.5977547, -120.6561808 47.5979349, -120.6556267 47.5982281, -120.6555328 47.5982778)"
267,"LINESTRING (-120.6566479 47.5976877, -120.6567409 47.5976394, -120.6569504 47.5975311, -120.6579701 47.5970046, -120.6580899 47.5969792)"
268,"LINESTRING (-120.6566479 47.5976877, -120.6565532 47.5976067, -120.6562096 47.5973129, -120.6561941 47.5972995, -120.6557782 47.5969438)"
269,"LINESTRING (-120.6668767 47.5988474, -120.6668754 47.5987801, -120.6668959 47.5983553, -120.6668988 47.5982572, -120.6669002 47.5982093, -120.6669093 47.5979019, -120.6669161 47.5976696, -120.6669176 47.5976186, -120.6669182 47.5975981, -120.6669182 47.5974703, -120.6669185 47.5973838, -120.6669166 47.5972783, -120.6669166 47.5972614, -120.6669144 47.5970825, -120.6669259 47.5970332)"
270,"LINESTRING (-120.6668767 47.5988474, -120.6668792 47.5989361, -120.6668363 47.6006011, -120.6668358 47.6006199, -120.6668343 47.6006748)"
271,"LINESTRING (-120.6668767 47.5988474, -120.6685847 47.5988682, -120.6687132 47.5988697)"
272,"LINESTRING (-120.6668767 47.5988474, -120.6661781 47.598837, -120.6659731 47.5988334, -120.6659554 47.5988331, -120.66563 47.5988274, -120.665564 47.5988263, -120.6650894 47.598818)"
273,"LINESTRING (-120.6568214 47.5958228, -120.6572303 47.5961732)"
274,"LINESTRING (-120.6729048 47.5960957, -120.6728491 47.5961272, -120.6728049 47.5961318, -120.6727579 47.5961236, -120.6726962 47.5960956, -120.6726573 47.5960802, -120.6726163 47.5960696, -120.6725352 47.5960543, -120.6724812 47.5960501, -120.6723419 47.5960393, -120.6721088 47.5960205, -120.6719224 47.5960163)"
275,"LINESTRING (-120.6553032 47.5965406, -120.6557782 47.5969438)"
276,"LINESTRING (-120.6650894 47.598818, -120.6650923 47.5987162, -120.6651381 47.5971116, -120.6651374 47.5970115)"
277,"LINESTRING (-120.6650894 47.598818, -120.6647753 47.5988145, -120.6644536 47.5988108, -120.6641213 47.5988071, -120.6640013 47.5988057, -120.6637849 47.5988033, -120.6634341 47.5987993, -120.6633506 47.5987984)"
278,"LINESTRING (-120.6650894 47.598818, -120.6650858 47.5989357, -120.6650352 47.6005732, -120.6650329 47.6006472)"
279,"LINESTRING (-120.6650894 47.598818, -120.665564 47.5988263, -120.66563 47.5988274, -120.6659554 47.5988331, -120.6659731 47.5988334, -120.6661781 47.598837, -120.6668767 47.5988474)"
280,"LINESTRING (-120.6714408 47.5875409, -120.6715399 47.5876017, -120.6721455 47.5879599, -120.6721528 47.5880997, -120.6721556 47.5881752)"
281,"LINESTRING (-120.6714408 47.5875409, -120.6714744 47.5875096, -120.6714877 47.587472, -120.6714787 47.5874339, -120.6714487 47.587401, -120.6714023 47.5873783, -120.6713466 47.5873693, -120.6712901 47.5873754, -120.6712413 47.5873957, -120.6712077 47.5874269, -120.6711944 47.5874645, -120.6712034 47.5875027, -120.6712334 47.5875356, -120.6712644 47.5875507, -120.6712798 47.5875582, -120.6713355 47.5875672, -120.671392 47.5875611, -120.6714408 47.5875409)"
282,"LINESTRING (-120.6698788 47.5942463, -120.6714828 47.5942784)"
283,"LINESTRING (-120.6617491 47.5969084, -120.6616857 47.5968207, -120.661654 47.5967516, -120.6616445 47.5966511, -120.6616482 47.5965473, -120.6616508 47.5964722, -120.6616519 47.5963075, -120.6616345 47.5962239, -120.6616161 47.5961608, -120.6615876 47.5961136)"
284,"LINESTRING (-120.6617491 47.5969084, -120.6618083 47.596959, -120.6618728 47.5969889, -120.6619551 47.5970094, -120.6620572 47.5970217)"
285,"LINESTRING (-120.6617491 47.5969084, -120.6614363 47.597179, -120.6612403 47.5973486, -120.6611488 47.5974123, -120.6609991 47.597497, -120.6608085 47.5975852, -120.6607537 47.597624, -120.6607239 47.5976515, -120.6606958 47.5976927, -120.660687 47.5977609, -120.6606841 47.5978869)"
286,"LINESTRING (-120.6543963 47.598894, -120.6543155 47.598951, -120.6542768 47.5989834, -120.6542445 47.5991003)"
287,"LINESTRING (-120.6543963 47.598894, -120.6544702 47.5988529, -120.6547264 47.5987148, -120.6551066 47.59851, -120.655323 47.5983934, -120.6553975 47.5983521, -120.6555328 47.5982778)"
288,"LINESTRING (-120.6543963 47.598894, -120.6542981 47.5988016, -120.6542768 47.5987822, -120.6539596 47.5984931, -120.6535546 47.5981239)"
289,"LINESTRING (-120.656414 47.6008622, -120.6564086 47.600518)"
290,"LINESTRING (-120.6686016 47.5934601, -120.6685073 47.5933952, -120.6684496 47.5933555, -120.6683285 47.5932722, -120.6680125 47.5930549, -120.6677727 47.5929054, -120.6677275 47.592868, -120.667632 47.5927889)"
291,"LINESTRING (-120.6686016 47.5934601, -120.6686514 47.5934264, -120.6686897 47.5934081, -120.6687521 47.593392, -120.6688107 47.593386, -120.6689028 47.5933831, -120.6689427 47.5933838, -120.6693327 47.5933909, -120.6694787 47.5933939)"
292,"LINESTRING (-120.6686016 47.5934601, -120.6686408 47.5935229, -120.6686705 47.5935892, -120.668694 47.5936549, -120.6687057 47.5937304, -120.6687025 47.5939119)"
293,"LINESTRING (-120.6687025 47.5939119, -120.6687068 47.5942908, -120.6687133 47.5944629, -120.6687171 47.5946593, -120.6687199 47.5948674, -120.6687228 47.5950182, -120.6687239 47.5950787)"
294,"LINESTRING (-120.6687025 47.5939119, -120.6686527 47.5939373, -120.6685322 47.5940019, -120.6683497 47.5940996, -120.6682624 47.5941459, -120.667746 47.5944168, -120.6666237 47.5949859, -120.6660149 47.5953006, -120.665523 47.5955985, -120.6654396 47.595643)"
295,"LINESTRING (-120.6687025 47.5939119, -120.6687057 47.5937304, -120.668694 47.5936549, -120.6686705 47.5935892, -120.6686408 47.5935229, -120.6686016 47.5934601)"
296,"LINESTRING (-120.66163 47.5943939, -120.6615595 47.5943313, -120.6615237 47.5943009, -120.6613397 47.5941339, -120.6613249 47.5941211, -120.6612031 47.5940156, -120.6609792 47.5938217, -120.6608961 47.5938615, -120.6608462 47.5938854, -120.660197 47.5941908, -120.6599022 47.594331, -120.6595873 47.5944828)"
297,"LINESTRING (-120.66163 47.5943939, -120.661536 47.5944536, -120.6615125 47.5944648, -120.6613546 47.5945455, -120.6611211 47.5946725, -120.6609935 47.5947427, -120.660945 47.5947676, -120.6607376 47.594876, -120.660391 47.5950576, -120.6602955 47.5951105)"
298,"LINESTRING (-120.66163 47.5943939, -120.6617147 47.5943434, -120.6620583 47.5941257, -120.6622296 47.5940738, -120.6623411 47.5940424, -120.6624867 47.5940257, -120.662668 47.5940162, -120.6635661 47.5939695, -120.6637553 47.5939484, -120.6639935 47.5938949, -120.6642554 47.5938043, -120.6646046 47.5936598, -120.6646307 47.5936461, -120.6648798 47.5935146, -120.6659913 47.5927714, -120.6661221 47.5926839, -120.6661832 47.5926431, -120.666336 47.592541, -120.6668219 47.5921906)"
299,"LINESTRING (-120.66163 47.5943939, -120.6617213 47.5944759, -120.6617384 47.5944913, -120.6620159 47.5947129)"
300,"LINESTRING (-120.6557782 47.5969438, -120.6569248 47.5963353, -120.6572303 47.5961732)"
301,"LINESTRING (-120.6557782 47.5969438, -120.6546503 47.5975424)"
302,"LINESTRING (-120.6557782 47.5969438, -120.6561941 47.5972995, -120.6562096 47.5973129, -120.6565532 47.5976067, -120.6566479 47.5976877)"
303,"LINESTRING (-120.6557782 47.5969438, -120.6553032 47.5965406)"
304,"LINESTRING (-120.6594539 47.5983191, -120.6593898 47.5983501, -120.6593536 47.5983936, -120.6593376 47.5984413, -120.6593412 47.5987034, -120.6593403 47.5987572)"
305,"LINESTRING (-120.6535546 47.5981239, -120.6538224 47.5979819, -120.6539589 47.5979094, -120.654294 47.5977315, -120.654564 47.5975882, -120.6546503 47.5975424)"
306,"LINESTRING (-120.6535546 47.5981239, -120.6539596 47.5984931, -120.6542768 47.5987822, -120.6542981 47.5988016, -120.6543963 47.598894)"
307,"LINESTRING (-120.6535546 47.5981239, -120.653472 47.5980566, -120.653367 47.597971)"
308,"LINESTRING (-120.653367 47.597971, -120.653472 47.5980566, -120.6535546 47.5981239)"
309,"LINESTRING (-120.6620159 47.5947129, -120.6617384 47.5944913, -120.6617213 47.5944759, -120.66163 47.5943939)"
310,"LINESTRING (-120.6565213 47.599645, -120.6557937 47.5996374, -120.6556789 47.5996414, -120.6556065 47.5996477, -120.6555246 47.5996584, -120.6554605 47.5996721, -120.655389 47.5996965, -120.655322 47.5997239, -120.6551547 47.5998089, -120.654899 47.5999843)"
311,"LINESTRING (-120.6565213 47.599645, -120.6577513 47.5996528, -120.6577632 47.5996532, -120.6578604 47.599656)"
312,"LINESTRING (-120.6565213 47.599645, -120.6564686 47.5996999, -120.6564286 47.5997401, -120.6563834 47.5998014, -120.6563635 47.5998442, -120.6563533 47.5999025, -120.6563398 47.5999862, -120.6563336 47.6000947)"
313,"LINESTRING (-120.6563336 47.6000947, -120.6563398 47.5999862, -120.6563533 47.5999025, -120.6563635 47.5998442, -120.6563834 47.5998014, -120.6564286 47.5997401, -120.6564686 47.5996999, -120.6565213 47.599645)"
314,"LINESTRING (-120.6768257 47.5949199, -120.6768059 47.595386)"
315,"LINESTRING (-120.6768257 47.5949199, -120.6768454 47.594483, -120.6768393 47.5944191, -120.6768308 47.5943905, -120.6768169 47.5943691, -120.6767789 47.5943339, -120.6767292 47.5943203, -120.6766576 47.5943125, -120.6760632 47.5943032, -120.6758125 47.5943008, -120.6747938 47.5942879)"
316,"LINESTRING (-120.6768257 47.5949199, -120.6767356 47.59492, -120.6755868 47.5949076, -120.675481 47.5949077, -120.675418 47.5949076, -120.6753658 47.5949221, -120.6752867 47.5949428, -120.6752025 47.594951, -120.6750711 47.5949456, -120.6750176 47.5949392, -120.6749627 47.5949239, -120.6749055 47.5948933, -120.6748795 47.5948734, -120.6748233 47.5948156, -120.6747904 47.5947819, -120.6747871 47.594746, -120.6747904 47.5946562)"
317,"LINESTRING (-120.6678869 47.5902391, -120.6683599 47.5905396)"
318,"LINESTRING (-120.660666 47.5987765, -120.6610669 47.5987764, -120.6619992 47.5987763)"
319,"LINESTRING (-120.660666 47.5987765, -120.6606624 47.5990792, -120.660661 47.5992235, -120.6606407 47.5997019)"
320,"LINESTRING (-120.660666 47.5987765, -120.6603558 47.598772, -120.6602338 47.5987702, -120.6593403 47.5987572)"
321,"LINESTRING (-120.660666 47.5987765, -120.6606752 47.598317, -120.6606802 47.5980494, -120.6606841 47.5978869)"
322,"LINESTRING (-120.6588786 47.5947306, -120.659467 47.5945408, -120.6595873 47.5944828)"
323,"LINESTRING (-120.6668052 47.6013032, -120.66683 47.6007694, -120.6668313 47.600741, -120.6668343 47.6006748)"
324,"LINESTRING (-120.6668052 47.6013032, -120.6667071 47.6013034, -120.6662557 47.6013044, -120.6662399 47.6013044, -120.6661081 47.6013047, -120.6660285 47.6013049, -120.6640779 47.6013124, -120.6637065 47.6013132, -120.6633595 47.6013171, -120.6632473 47.6013183)"
325,"LINESTRING (-120.6632473 47.6013183, -120.6632649 47.6008676, -120.6632707 47.6007202, -120.6632719 47.6006909, -120.6632747 47.6006189)"
326,"LINESTRING (-120.6632473 47.6013183, -120.6633595 47.6013171, -120.6637065 47.6013132, -120.6640779 47.6013124, -120.6660285 47.6013049, -120.6661081 47.6013047, -120.6662399 47.6013044, -120.6662557 47.6013044, -120.6667071 47.6013034, -120.6668052 47.6013032)"
327,"LINESTRING (-120.6737873 47.5961062, -120.6741822 47.5961261)"
328,"LINESTRING (-120.6747938 47.5942879, -120.6745097 47.5942818, -120.6743453 47.5943068)"
329,"LINESTRING (-120.6747938 47.5942879, -120.6758125 47.5943008, -120.6760632 47.5943032, -120.6766576 47.5943125, -120.6767292 47.5943203, -120.6767789 47.5943339, -120.6768169 47.5943691, -120.6768308 47.5943905, -120.6768393 47.5944191, -120.6768454 47.594483, -120.6768257 47.5949199)"
330,"LINESTRING (-120.6747938 47.5942879, -120.6747935 47.5943496, -120.6747928 47.5945203, -120.6747925 47.5945969, -120.6747904 47.5946562)"
331,"LINESTRING (-120.6747904 47.5946562, -120.6747871 47.594746, -120.6747904 47.5947819, -120.6748233 47.5948156, -120.6748795 47.5948734, -120.6749055 47.5948933, -120.6749627 47.5949239, -120.6750176 47.5949392, -120.6750711 47.5949456, -120.6752025 47.594951, -120.6752867 47.5949428, -120.6753658 47.5949221, -120.675418 47.5949076, -120.675481 47.5949077, -120.6755868 47.5949076, -120.6767356 47.59492, -120.6768257 47.5949199)"
332,"LINESTRING (-120.6747904 47.5946562, -120.6747925 47.5945969, -120.6747928 47.5945203, -120.6747935 47.5943496, -120.6747938 47.5942879)"
333,"LINESTRING (-120.6747904 47.5946562, -120.6748437 47.5946583, -120.6751475 47.59467, -120.6752457 47.594773)"
334,"LINESTRING (-120.6752457 47.594773, -120.6751475 47.59467, -120.6748437 47.5946583, -120.6747904 47.5946562)"
335,"LINESTRING (-120.6741369 47.5964711, -120.6741445 47.5962567, -120.6741452 47.5962375, -120.6741822 47.5961261)"
336,"LINESTRING (-120.6693822 47.5998008, -120.668705 47.5997865)"
337,"LINESTRING (-120.6693822 47.5998008, -120.6695025 47.5998034, -120.669598 47.5998055, -120.670515 47.5998119, -120.6716874 47.5998237)"
338,"LINESTRING (-120.6693822 47.5998008, -120.6693887 47.6001719, -120.6693911 47.6003077, -120.6693933 47.6004325)"
339,"LINESTRING (-120.6693933 47.6004325, -120.6693911 47.6003077, -120.6693887 47.6001719, -120.6693822 47.5998008)"
