lane_id,link_id,lane_num,allowed_uses,width
1,1,1,"auto,truck",3.5
2,2,1,"auto,truck",3.5
3,3,1,"auto,truck",3.5
4,3,2,"auto,truck",3.5
5,4,1,"auto,truck",3.5
6,4,2,"auto,truck",3.5
7,5,1,"auto,truck",3.5
8,6,1,"auto,truck",3.5
9,7,1,"auto,truck",3.5
10,8,1,"auto,truck",3.5
11,9,1,"auto,truck",3.5
12,9,2,"auto,truck",3.5
13,10,1,"auto,truck",3.5
14,10,2,"auto,truck",3.5
15,11,1,"auto,truck",3.5
16,12,1,"auto,truck",3.5
17,13,1,"auto,truck",3.5
18,14,1,"auto,truck",3.5
19,15,1,"auto,truck",3.5
20,16,1,"auto,truck",3.5
21,16,2,"auto,truck",3.5
22,17,1,"auto,truck",3.5
23,18,1,"auto,truck",3.5
24,19,1,"auto,truck",3.5
25,20,1,"auto,truck",3.5
26,21,1,"auto,truck",3.5
27,22,1,"auto,truck",3.5
28,23,1,"auto,truck",3.5
29,24,1,"auto,truck",3.5
30,25,1,"auto,truck",3.5
31,26,1,"auto,truck",3.5
32,27,1,"auto,truck",3.5
33,27,2,"auto,truck",3.5
34,28,1,"auto,truck",3.5
35,28,2,"auto,truck",3.5
36,28,3,"auto,truck",3.5
37,29,1,"auto,truck",3.5
38,30,1,"auto,truck",3.5
39,30,2,"auto,truck",3.5
40,31,1,"auto,truck",3.5
41,31,2,"auto,truck",3.5
42,32,1,"auto,truck",3.5
43,32,2,"auto,truck",3.5
44,33,1,"auto,truck",3.5
45,33,2,"auto,truck",3.5
46,34,1,"auto,truck",3.5
47,34,2,"auto,truck",3.5
48,34,3,"auto,truck",3.5
49,35,1,"auto,truck",3.5
50,35,2,"auto,truck",3.5
51,36,1,"auto,truck",3.5
52,36,2,"auto,truck",3.5
53,37,1,"auto,truck",3.5
54,38,1,"auto,truck",3.5
55,38,2,"auto,truck",3.5
56,39,1,"auto,truck",3.5
57,39,2,"auto,truck",3.5
58,40,1,"auto,truck",3.5
59,40,2,"auto,truck",3.5
60,41,1,"auto,truck",3.5
61,42,1,"auto,truck",3.5
62,42,2,"auto,truck",3.5
63,43,1,"auto,truck",3.5
64,43,2,"auto,truck",3.5
65,43,3,"auto,truck",3.5
66,44,1,"auto,truck",3.5
67,44,2,"auto,truck",3.5
68,45,1,"auto,truck",3.5
69,45,2,"auto,truck",3.5
70,46,1,"auto,truck",3.5
71,46,2,"auto,truck",3.5
72,47,1,"auto,truck",3.5
73,48,1,"auto,truck",3.5
74,48,2,"auto,truck",3.5
75,49,1,"auto,truck",3.5
76,49,2,"auto,truck",3.5
77,50,1,"auto,truck",3.5
78,51,1,"auto,truck",3.5
79,51,2,"auto,truck",3.5
80,52,1,"auto,truck",3.5
81,53,1,"auto,truck",3.5
82,54,1,"auto,truck",3.5
83,55,1,"auto,truck",3.5
84,56,1,"auto,truck",3.5
85,57,1,"auto,truck",3.5
86,58,1,"auto,truck",3.5
87,59,1,"auto,truck",3.5
88,60,1,"auto,truck",3.5
89,61,1,"auto,truck",3.5
90,62,1,"auto,truck",3.5
91,63,1,"auto,truck",3.5
92,64,1,"auto,truck",3.5
93,65,1,"auto,truck",3.5
94,66,1,"auto,truck",3.5
95,67,1,"auto,truck",3.5
96,68,1,"auto,truck",3.5
97,69,1,"auto,truck",3.5
98,70,1,"auto,truck",3.5
99,71,1,"auto,truck",3.5
100,71,2,"auto,truck",3.5
101,71,3,"auto,truck",3.5
102,72,1,"auto,truck",3.5
103,73,1,"auto,truck",3.5
104,74,1,"auto,truck",3.5
105,75,1,"auto,truck",3.5
106,76,1,"auto,truck",3.5
107,77,1,"auto,truck",3.5
108,77,2,"auto,truck",3.5
109,78,1,"auto,truck",3.5
110,79,1,"auto,truck",3.5
111,80,1,"auto,truck",3.5
112,80,2,"auto,truck",3.5
113,81,1,"auto,truck",3.5
114,81,2,"auto,truck",3.5
115,82,1,"auto,truck",3.5
116,83,1,"auto,truck",3.5
117,84,1,"auto,truck",3.5
118,84,2,"auto,truck",3.5
119,85,1,"auto,truck",3.5
120,85,2,"auto,truck",3.5
121,86,1,"auto,truck",3.5
122,86,2,"auto,truck",3.5
123,87,1,"auto,truck",3.5
124,88,1,"auto,truck",3.5
125,89,1,"auto,truck",3.5
126,90,1,"auto,truck",3.5
127,90,2,"auto,truck",3.5
128,91,1,"auto,truck",3.5
129,92,1,"auto,truck",3.5
130,93,1,"auto,truck",3.5
131,93,2,"auto,truck",3.5
132,94,1,"auto,truck",3.5
133,95,1,"auto,truck",3.5
134,96,1,"auto,truck",3.5
135,97,1,"auto,truck",3.5
136,98,1,"auto,truck",3.5
137,99,1,"auto,truck",3.5
138,100,1,"auto,truck",3.5
139,101,1,"auto,truck",3.5
140,102,1,"auto,truck",3.5
141,103,1,"auto,truck",3.5
142,104,1,"auto,truck",3.5
143,105,1,"auto,truck",3.5
144,106,1,"auto,truck",3.5
145,107,1,"auto,truck",3.5
146,108,1,"auto,truck",3.5
147,109,1,"auto,truck",3.5
148,110,1,"auto,truck",3.5
149,111,1,"auto,truck",3.5
150,111,2,"auto,truck",3.5
151,112,1,"auto,truck",3.5
152,112,2,"auto,truck",3.5
153,112,3,"auto,truck",3.5
154,113,1,"auto,truck",3.5
155,114,1,"auto,truck",3.5
156,115,1,"auto,truck",3.5
157,115,2,"auto,truck",3.5
158,116,1,"auto,truck",3.5
159,116,2,"auto,truck",3.5
160,117,1,"auto,truck",3.5
161,118,1,"auto,truck",3.5
162,119,1,"auto,truck",3.5
163,120,1,"auto,truck",3.5
164,121,1,"auto,truck",3.5
165,122,1,"auto,truck",3.5
166,123,1,"auto,truck",3.5
167,124,1,"auto,truck",3.5
168,125,1,"auto,truck",3.5
169,126,1,"auto,truck",3.5
170,127,1,"auto,truck",3.5
171,128,1,"auto,truck",3.5
172,129,1,"auto,truck",3.5
173,130,1,"auto,truck",3.5
174,131,1,"auto,truck",3.5
175,132,1,"auto,truck",3.5
176,133,1,"auto,truck",3.5
177,133,2,"auto,truck",3.5
178,134,1,"auto,truck",3.5
179,135,1,"auto,truck",3.5
180,135,2,"auto,truck",3.5
181,136,1,"auto,truck",3.5
182,137,1,"auto,truck",3.5
183,138,1,"auto,truck",3.5
184,139,1,"auto,truck",3.5
185,140,1,"auto,truck",3.5
186,141,1,"auto,truck",3.5
187,142,1,"auto,truck",3.5
188,143,1,"auto,truck",3.5
189,144,1,"auto,truck",3.5
190,145,1,"auto,truck",3.5
191,146,1,"auto,truck",3.5
192,147,1,"auto,truck",3.5
193,148,1,"auto,truck",3.5
194,148,2,"auto,truck",3.5
195,149,1,"auto,truck",3.5
196,150,1,"auto,truck",3.5
197,151,1,"auto,truck",3.5
198,151,2,"auto,truck",3.5
199,152,1,"auto,truck",3.5
200,152,2,"auto,truck",3.5
201,153,1,"auto,truck",3.5
202,153,2,"auto,truck",3.5
203,154,1,"auto,truck",3.5
204,154,2,"auto,truck",3.5
205,155,1,"auto,truck",3.5
206,156,1,"auto,truck",3.5
207,157,1,"auto,truck",3.5
208,158,1,"auto,truck",3.5
209,159,1,"auto,truck",3.5
210,160,1,"auto,truck",3.5
211,161,1,"auto,truck",3.5
212,161,2,"auto,truck",3.5
213,162,1,"auto,truck",3.5
214,163,1,"auto,truck",3.5
215,164,1,"auto,truck",3.5
216,164,2,"auto,truck",3.5
217,165,1,"auto,truck",3.5
218,166,1,"auto,truck",3.5
219,167,1,"auto,truck",3.5
220,168,1,"auto,truck",3.5
221,169,1,"auto,truck",3.5
222,170,1,"auto,truck",3.5
223,171,1,"auto,truck",3.5
224,172,1,"auto,truck",3.5
225,173,1,"auto,truck",3.5
226,173,2,"auto,truck",3.5
227,174,1,"auto,truck",3.5
228,175,1,"auto,truck",3.5
229,176,1,"auto,truck",3.5
230,176,2,"auto,truck",3.5
231,177,1,"auto,truck",3.5
232,177,2,"auto,truck",3.5
233,178,1,"auto,truck",3.5
234,178,2,"auto,truck",3.5
235,179,1,"auto,truck",3.5
236,179,2,"auto,truck",3.5
237,180,1,"auto,truck",3.5
238,181,1,"auto,truck",3.5
239,182,1,"auto,truck",3.5
240,183,1,"auto,truck",3.5
241,184,1,"auto,truck",3.5
242,185,1,"auto,truck",3.5
243,186,1,"auto,truck",3.5
244,187,1,"auto,truck",3.5
245,188,1,"auto,truck",3.5
246,189,1,"auto,truck",3.5
247,190,1,"auto,truck",3.5
248,191,1,"auto,truck",3.5
249,192,1,"auto,truck",3.5
250,193,1,"auto,truck",3.5
251,194,1,"auto,truck",3.5
252,195,1,"auto,truck",3.5
253,196,1,"auto,truck",3.5
254,196,2,"auto,truck",3.5
255,197,1,"auto,truck",3.5
256,197,2,"auto,truck",3.5
257,198,1,"auto,truck",3.5
258,199,1,"auto,truck",3.5
259,200,1,"auto,truck",3.5
260,201,1,"auto,truck",3.5
261,202,1,"auto,truck",3.5
262,203,1,"auto,truck",3.5
263,204,1,"auto,truck",3.5
264,205,1,"auto,truck",3.5
265,206,1,"auto,truck",3.5
266,207,1,"auto,truck",3.5
267,208,1,"auto,truck",3.5
268,209,1,"auto,truck",3.5
269,209,2,"auto,truck",3.5
270,210,1,"auto,truck",3.5
271,211,1,"auto,truck",3.5
272,211,2,"auto,truck",3.5
273,212,1,"auto,truck",3.5
274,213,1,"auto,truck",3.5
275,213,2,"auto,truck",3.5
276,214,1,"auto,truck",3.5
277,214,2,"auto,truck",3.5
278,215,1,"auto,truck",3.5
279,216,1,"auto,truck",3.5
280,216,2,"auto,truck",3.5
281,217,1,"auto,truck",3.5
282,217,2,"auto,truck",3.5
283,218,1,"auto,truck",3.5
284,218,2,"auto,truck",3.5
285,219,1,"auto,truck",3.5
286,219,2,"auto,truck",3.5
287,220,1,"auto,truck",3.5
288,221,1,"auto,truck",3.5
289,221,2,"auto,truck",3.5
290,222,1,"auto,truck",3.5
291,222,2,"auto,truck",3.5
292,223,1,"auto,truck",3.5
293,224,1,"auto,truck",3.5
294,225,1,"auto,truck",3.5
295,226,1,"auto,truck",3.5
296,226,2,"auto,truck",3.5
297,227,1,"auto,truck",3.5
298,227,2,"auto,truck",3.5
299,228,1,"auto,truck",3.5
300,228,2,"auto,truck",3.5
301,229,1,"auto,truck",3.5
302,230,1,"auto,truck",3.5
303,230,2,"auto,truck",3.5
304,231,1,"auto,truck",3.5
305,232,1,"auto,truck",3.5
306,233,1,"auto,truck",3.5
307,234,1,"auto,truck",3.5
308,234,2,"auto,truck",3.5
309,235,1,"auto,truck",3.5
310,236,1,"auto,truck",3.5
311,237,1,"auto,truck",3.5
312,238,1,"auto,truck",3.5
313,239,1,"auto,truck",3.5
314,239,2,"auto,truck",3.5
315,240,1,"auto,truck",3.5
316,241,1,"auto,truck",3.5
317,242,1,"auto,truck",3.5
318,242,2,"auto,truck",3.5
319,243,1,"auto,truck",3.5
320,244,1,"auto,truck",3.5
321,245,1,"auto,truck",3.5
322,246,1,"auto,truck",3.5
323,247,1,"auto,truck",3.5
324,248,1,"auto,truck",3.5
325,249,1,"auto,truck",3.5
326,250,1,"auto,truck",3.5
327,251,1,"auto,truck",3.5
328,252,1,"auto,truck",3.5
329,253,1,"auto,truck",3.5
330,254,1,"auto,truck",3.5
331,255,1,"auto,truck",3.5
332,256,1,"auto,truck",3.5
333,257,1,"auto,truck",3.5
334,257,2,"auto,truck",3.5
335,258,1,"auto,truck",3.5
336,259,1,"auto,truck",3.5
337,260,1,"auto,truck",3.5
338,261,1,"auto,truck",3.5
339,262,1,"auto,truck",3.5
340,263,1,"auto,truck",3.5
341,264,1,"auto,truck",3.5
342,265,1,"auto,truck",3.5
343,266,1,"auto,truck",3.5
344,267,1,"auto,truck",3.5
345,268,1,"auto,truck",3.5
346,269,1,"auto,truck",3.5
347,270,1,"auto,truck",3.5
348,271,1,"auto,truck",3.5
349,272,1,"auto,truck",3.5
350,273,1,"auto,truck",3.5
351,274,1,"auto,truck",3.5
352,275,1,"auto,truck",3.5
353,276,1,"auto,truck",3.5
354,277,1,"auto,truck",3.5
355,278,1,"auto,truck",3.5
356,279,1,"auto,truck",3.5
357,280,1,"auto,truck",3.5
358,281,1,"auto,truck",3.5
359,282,1,"auto,truck",3.5
360,283,1,"auto,truck",3.5
361,283,2,"auto,truck",3.5
362,283,3,"auto,truck",3.5
363,284,1,"auto,truck",3.5
364,285,1,"auto,truck",3.5
365,285,2,"auto,truck",3.5
366,286,1,"auto,truck",3.5
367,287,1,"auto,truck",3.5
368,288,1,"auto,truck",3.5
369,289,1,"auto,truck",3.5
370,290,1,"auto,truck",3.5
371,290,2,"auto,truck",3.5
372,291,1,"auto,truck",3.5
373,292,1,"auto,truck",3.5
374,292,2,"auto,truck",3.5
375,293,1,"auto,truck",3.5
376,293,2,"auto,truck",3.5
377,294,1,"auto,truck",3.5
378,295,1,"auto,truck",3.5
379,295,2,"auto,truck",3.5
380,296,1,"auto,truck",3.5
381,297,1,"auto,truck",3.5
382,297,2,"auto,truck",3.5
383,298,1,"auto,truck",3.5
384,298,2,"auto,truck",3.5
385,299,1,"auto,truck",3.5
386,299,2,"auto,truck",3.5
387,300,1,"auto,truck",3.5
388,301,1,"auto,truck",3.5
389,302,1,"auto,truck",3.5
390,303,1,"auto,truck",3.5
391,304,1,"auto,truck",3.5
392,305,1,"auto,truck",3.5
393,306,1,"auto,truck",3.5
394,307,1,"auto,truck",3.5
395,308,1,"auto,truck",3.5
396,309,1,"auto,truck",3.5
397,309,2,"auto,truck",3.5
398,310,1,"auto,truck",3.5
399,311,1,"auto,truck",3.5
400,312,1,"auto,truck",3.5
401,313,1,"auto,truck",3.5
402,314,1,"auto,truck",3.5
403,315,1,"auto,truck",3.5
404,316,1,"auto,truck",3.5
405,317,1,"auto,truck",3.5
406,318,1,"auto,truck",3.5
407,319,1,"auto,truck",3.5
408,320,1,"auto,truck",3.5
409,320,2,"auto,truck",3.5
410,321,1,"auto,truck",3.5
411,321,2,"auto,truck",3.5
412,322,1,"auto,truck",3.5
413,323,1,"auto,truck",3.5
414,324,1,"auto,truck",3.5
415,325,1,"auto,truck",3.5
416,326,1,"auto,truck",3.5
417,327,1,"auto,truck",3.5
418,328,1,"auto,truck",3.5
419,329,1,"auto,truck",3.5
420,330,1,"auto,truck",3.5
421,331,1,"auto,truck",3.5
422,332,1,"auto,truck",3.5
423,333,1,"auto,truck",3.5
424,334,1,"auto,truck",3.5
425,335,1,"auto,truck",3.5
426,336,1,"auto,truck",3.5
427,337,1,"auto,truck",3.5
428,338,1,"auto,truck",3.5
429,339,1,"auto,truck",3.5
