link_id,from_node_id,to_node_id,directed,length,free_speed,lanes,facility_type,name,geometry,osm_way_id,osm_node_ids,ref
1,170499722,170499738,True,429.25,,1,motorway_link,,"LINESTRING (-78.8448358 35.8878265, -78.845564 35.888756, -78.845916 35.889316, -78.846067 35.889708, -78.846188 35.890036, -78.846298 35.890385, -78.846414 35.890644, -78.846559 35.890868, -78.846713 35.891049, -78.846929 35.891254)",16521499,"170499722,170499724,170499726,170499729,170499731,170499732,170499733,170499735,170499737,170499738",
2,170503565,170685667,True,43.09,,1,motorway_link,,"LINESTRING (-78.8310217 35.8727735, -78.8306548 35.872525)",16522140,"170503565,170685667",
21,170505098,170505072,True,178.16,,1,motorway_link,,"LINESTRING (-78.8480274 35.8902164, -78.847542 35.889782, -78.847438 35.889653, -78.847388 35.889547, -78.847354 35.889449, -78.847374 35.889309, -78.847385 35.889265, -78.847441 35.889175, -78.847501 35.889112, -78.847565 35.889066, -78.847656 35.889018, -78.8478019 35.8889824)",16522411,"170505098,170505095,170505092,170505089,170505087,170505084,170505082,170505079,170505076,170505075,170505073,170505072",
22,170506789,250650061,True,369.08,,2,motorway_link,,"LINESTRING (-78.8362339 35.8783089, -78.8359193 35.8778362, -78.8355379 35.87735, -78.8353319 35.8770788, -78.8351168 35.8768051, -78.8347788 35.8763261, -78.8341921 35.8754334)",16522784,"170506789,170506793,170506794,170506796,170506799,170506802,250650061",
43,1912823900,1892333206,True,15.1,,1,primary_link,,"LINESTRING (-78.8483491 35.8918512, -78.8482161 35.8917685)",16523137,"1912823900,1892333206",
44,195415150,170511314,True,872.31,,1,motorway_link,,"LINESTRING (-78.8254585 35.8688501, -78.8262147 35.8695047, -78.8266329 35.8698521, -78.826883 35.8700652, -78.8270694 35.8702409, -78.8272228 35.8704061, -78.8273746 35.8705794, -78.8275117 35.8707733, -78.8276365 35.8709629, -78.82775 35.8711603, -78.8278503 35.871362, -78.8279438 35.8715854, -78.828014 35.8717938, -78.8280653 35.8720095, -78.8281013 35.8721849, -78.8281437 35.8724345, -78.828161 35.8726814, -78.8281933 35.8731466, -78.8282022 35.8734381, -78.8281968 35.8736931, -78.8281557 35.8740318, -78.8281094 35.8743042, -78.8280574 35.8745173, -78.8279838 35.8747641, -78.8279022 35.8749875, -78.827786 35.875268, -78.8276644 35.8755137, -78.8275628 35.8756915, -78.8274941 35.8758909)",16523770,"195415150,514893497,514893501,5960542961,5960542962,5960542963,195415152,5960542964,5960542965,5960542966,5960542967,195415154,5960542968,250650375,5960542969,5960542970,250650374,5960542971,250650373,5960542972,5960542973,170511298,170511301,170511304,170511308,170511311,5891819512,6517212555,170511314",
45,170511853,170511872,True,198.94,,1,motorway_link,,"LINESTRING (-78.842465 35.884924, -78.842313 35.884674, -78.842241 35.884541, -78.842035 35.88412, -78.841905 35.883804, -78.841833 35.883601, -78.841758 35.883238)",16523881,"170511853,170511856,170511860,170511863,170511866,170511868,170511872",
46,1222382942,170508357,True,73.69,45.0,6,secondary,Page Road,"LINESTRING (-78.8400596 35.8817021, -78.8408518 35.8815373)",16524114,"1222382942,170508357",
47,553322291,170503565,True,455.76,,1,motorway_link,,"LINESTRING (-78.8315218 35.8726699, -78.8317606 35.8724463, -78.831864 35.8723777, -78.8319611 35.8723259, -78.8320618 35.8722858, -78.8321576 35.8722585, -78.8322618 35.8722457, -78.832392 35.8722469, -78.8325062 35.8722601, -78.8326108 35.8722849, -78.8326976 35.8723188, -78.8328 35.8723664, -78.832873 35.8724216, -78.8329477 35.8724873, -78.8330032 35.8725569, -78.8330459 35.8726235, -78.8330754 35.8726881, -78.8331014 35.8727628, -78.8331106 35.8728511, -78.8331042 35.8729485, -78.8330798 35.8730478, -78.8330408 35.8731281, -78.8329982 35.8731918, -78.8329242 35.8732758, -78.8328353 35.8733467, -78.8327296 35.8734069, -78.832628 35.8734483, -78.8325252 35.8734693, -78.8324085 35.8734842, -78.8322774 35.8734854, -78.8321526 35.8734715, -78.8320191 35.8734406, -78.8319168 35.8734058, -78.8318104 35.8733569, -78.831709 35.8733057, -78.8316172 35.8732447, -78.831296 35.872991, -78.8310217 35.8727735)",16524463,"553322291,170514593,170514590,5960543321,170514587,5960543322,170514584,170514582,5960543323,170514577,5960543324,170514575,170514571,5960543325,170514568,5960543326,170514564,5960543327,170514562,5960543328,170514561,5960543329,170514558,170514553,5960543330,170514552,5960543331,170514550,5960543332,170514546,170514543,5960543333,170514540,170514539,5960543334,170514538,170514534,170503565",
267,553322387,170506789,True,456.06,65.0,5,motorway,,"LINESTRING (-78.8392971 35.881574, -78.838548 35.880758, -78.8362339 35.8783089)",18898596,"553322387,170508459,170506789",I 40
539,8718721627,250650103,True,40.64,70.0,4,motorway,Northern Wake Expressway,"LINESTRING (-78.8307158 35.8727852, -78.8304676 35.8730904)",23179342,"8718721627,250650103",I 540
540,250650061,250650080,True,577.13,,1,motorway_link,,"LINESTRING (-78.8341921 35.8754334, -78.8337515 35.8745679, -78.8336818 35.8744158, -78.8336228 35.8742658, -78.8335299 35.8739578, -78.8334792 35.8737168, -78.8331881 35.8723203, -78.8331163 35.8719525, -78.833088 35.8717306, -78.8330812 35.871534, -78.8330897 35.8713796, -78.8331022 35.8712445, -78.8331346 35.8711008, -78.8331805 35.8709473, -78.8332343 35.8707969, -78.8334279 35.8704141)",23179343,"250650061,4524120994,4524142690,4524142291,250650077,250650062,250650127,5960543316,250650078,5960543317,5960543318,250650063,5960543319,5960543320,250650079,250650080",
541,250650103,6517212563,True,25.47,70.0,4,motorway,Northern Wake Expressway,"LINESTRING (-78.8304676 35.8730904, -78.8303051 35.8732778)",23179374,"250650103,6517212563",I 540
544,251930249,6517212573,True,355.2,70.0,5,motorway,Northern Wake Expressway,"LINESTRING (-78.839264 35.8634439, -78.8390382 35.8636073, -78.8385397 35.8639697, -78.8382997 35.8641555, -78.8380734 35.8643359, -78.8377793 35.864599, -78.8374989 35.8648619, -78.8372268 35.8651358, -78.8369223 35.8654533, -78.8366193 35.8657988)",23278706,"251930249,1216694816,6517212577,6517212576,250650121,6517212575,250650098,6517212574,5960543303,6517212573",NC 540
546,195693149,170508026,True,683.23,,2,motorway_link,,"LINESTRING (-78.8231575 35.8822335, -78.8249614 35.8802989, -78.8258368 35.8793334, -78.826384 35.8787516, -78.8269028 35.8781426, -78.8272651 35.877716, -78.8276491 35.8772839)",23278758,"195693149,170627220,170627224,7204526355,170627228,7204526356,170508026",
547,170583654,195504134,True,547.33,,1,motorway_link,,"LINESTRING (-78.8335948 35.8693834, -78.8331471 35.8697352, -78.8326818 35.8702318, -78.8325289 35.8703861, -78.8324015 35.8705035, -78.8322769 35.870604, -78.8321311 35.8707093, -78.8319965 35.8707915, -78.8318478 35.8708702, -78.8317141 35.8709327, -78.8315727 35.8709901, -78.831418 35.8710437, -78.8312826 35.871083, -78.831131 35.8711197, -78.8309492 35.8711555, -78.8307886 35.8711789, -78.8306311 35.8711944, -78.8304578 35.8711977, -78.8302744 35.8711941, -78.8301006 35.871183, -78.8298993 35.8711609, -78.8296998 35.8711212, -78.8295181 35.8710768, -78.8293143 35.8710134, -78.8291086 35.8709321, -78.8288245 35.8708181, -78.8285083 35.8707137)",23278776,"170583654,6517212570,6517212569,6517212568,6517212567,1143945054,4524120992,6517212566,5960542954,251931529,5960542955,5960542956,4524120991,4524142389,1143945058,4524140491,4524142190,5960542957,251931830,4524142289,5960542958,4524140490,672990133,4524142189,5960542959,5960542960,195504134",
569,7204526361,170685724,True,278.67,65.0,5,motorway,,"LINESTRING (-78.8283449 35.8709106, -78.8289012 35.8713503, -78.8293537 35.8717161, -78.8297931 35.8721081, -78.8304724 35.8727279)",28971022,"7204526361,170685717,170685719,170685721,170685724",I 40
631,251930247,251930249,True,559.05,70.0,3,motorway,Western Wake Expressway,"LINESTRING (-78.8448065 35.8612641, -78.8436399 35.8615634, -78.8430779 35.8617221, -78.8426743 35.8618427, -78.8424182 35.8619275, -78.8421475 35.8620237, -78.8418536 35.8621351, -78.8415773 35.8622448, -78.8412702 35.8623742, -78.8410197 35.8624848, -78.840715 35.8626296, -78.8404441 35.8627665, -78.840121 35.8629384, -78.8398352 35.8631035, -78.839264 35.8634439)",32356415,"251930247,6517220389,3348902862,6517220391,6517220390,3348902863,6517220392,6517220394,6517220393,251930248,6517220395,6517220396,364213564,6517220397,251930249",NC 540 Toll
795,6517212563,170685724,True,398.99,,1,motorway_link,,"LINESTRING (-78.8303051 35.8732778, -78.8301732 35.8733089, -78.8300981 35.8733703, -78.8300049 35.8734303, -78.8299148 35.8734829, -78.8298073 35.873528, -78.8297027 35.8735616, -78.8295946 35.8735766, -78.8294899 35.8735813, -78.8294023 35.8735768, -78.8293019 35.8735589, -78.8292078 35.8735359, -78.8291011 35.8734928, -78.8290214 35.8734466, -78.8289573 35.8733994, -78.8288931 35.8733368, -78.8288398 35.8732762, -78.8288011 35.873211, -78.828762 35.8731316, -78.8287434 35.8730514, -78.8287371 35.872977, -78.8287404 35.8729016, -78.8287527 35.8728307, -78.8287747 35.8727618, -78.8288091 35.8726874, -78.8288589 35.8726181, -78.8289256 35.8725478, -78.8289984 35.8724867, -78.8290997 35.8724231, -78.8291913 35.8723857, -78.8292871 35.8723573, -78.8293877 35.8723405, -78.8294937 35.8723317, -78.8295948 35.872339, -78.8296886 35.8723561, -78.829791 35.8723845, -78.829885 35.8724148, -78.8300086 35.8724682, -78.8304724 35.8727279)",38000343,"6517212563,6517212564,6517212565,4524142590,250650122,5960542974,4524142790,250650104,5960542975,4524142390,250650123,5960542976,4524142889,5960542977,250650105,5960542978,4524142789,250650124,5960542979,4524142192,5960542980,250650106,5960542981,4524142689,250650107,5960542982,250650125,5960542983,5960542984,4524142191,5960543285,250650108,4524142589,5960543286,250650126,5960543287,4524120993,4524142489,170685724",
796,448811302,448811304,True,327.19,,1,motorway_link,,"LINESTRING (-78.8313973 35.8735817, -78.831562 35.8738952, -78.83162 35.8740036, -78.8316524 35.8741028, -78.83168 35.8742201, -78.8316838 35.8743367, -78.8316639 35.8744299, -78.8316288 35.8745095, -78.831578 35.8745831, -78.8315204 35.8746418, -78.8314542 35.8746922, -78.831393 35.8747331, -78.8313102 35.8747687, -78.831232 35.8747939, -78.8311368 35.8748135, -78.8310269 35.8748222, -78.8309236 35.8748156, -78.830819 35.874795, -78.8307195 35.8747616, -78.8306353 35.87472, -78.8305476 35.8746527, -78.8304904 35.8745907, -78.8304462 35.8745233, -78.8304157 35.874466, -78.8303952 35.874406, -78.8303831 35.8743375, -78.8303776 35.8742691, -78.8303845 35.8741984, -78.8304019 35.874131, -78.8304605 35.8739939, -78.8305553 35.8737897)",38133617,"448811302,5891819913,5960543294,448811305,5891819912,448811306,5891819911,448811682,5891819910,5891819909,448811307,5891819908,448811308,5891819907,5891819906,5891819905,5891819904,5891819903,448811309,5891819902,448811310,5891819901,5891819900,448811311,5891819899,5891819898,448811312,5891819897,5891819915,448811313,448811304",
797,170507951,170507895,True,268.43,,1,motorway_link,,"LINESTRING (-78.8395651 35.8822737, -78.8396408 35.8824626, -78.8397484 35.8825922, -78.8398259 35.8826908, -78.839872 35.882768, -78.839923 35.882912, -78.83994 35.883048, -78.839929 35.883178, -78.839874 35.883296, -78.839802 35.883398, -78.839713 35.883489, -78.839579 35.883562, -78.839463 35.883617, -78.839322 35.883651, -78.839202 35.883664, -78.839082 35.883661, -78.838942 35.883624, -78.838829 35.883577, -78.838733 35.88353, -78.838658 35.883482, -78.838556 35.883375)",38133651,"170507951,170507945,170507942,170507941,170507937,170507934,170507933,170507931,170507928,170507922,170507921,170507918,170507915,170507913,170507908,170507906,170507902,170507901,170507900,170507896,170507895",
798,170506842,170511314,True,267.74,,2,motorway_link,,"LINESTRING (-78.829208 35.87395, -78.8290481 35.8740491, -78.8289293 35.8741333, -78.8288371 35.8742007, -78.8287323 35.8742937, -78.8286051 35.8744131, -78.8285136 35.8745007, -78.8284359 35.8745898, -78.8283402 35.874713, -78.828166 35.8749434, -78.8279039 35.875325, -78.8276885 35.8756319, -78.8274941 35.8758909)",43719607,"170506842,5960543295,170506843,170506844,170506848,170506850,4524143089,170506852,170506857,170506858,5960543296,5891819513,170511314",
799,553322281,553322287,True,86.51,,2,motorway_link,,"LINESTRING (-78.8308375 35.8734734, -78.8313753 35.8728289)",43719609,"553322281,553322287",
800,170506814,170506842,True,320.62,,2,motorway_link,,"LINESTRING (-78.8325724 35.8738348, -78.83238 35.8737461, -78.8321637 35.8736724, -78.8319813 35.8736183, -78.8318166 35.8735773, -78.8316475 35.8735426, -78.8314827 35.8735172, -78.8313374 35.8735033, -78.831135 35.8734911, -78.8309252 35.8734929, -78.830758 35.8734984, -78.8306063 35.8735108, -78.8303998 35.8735355, -78.8302443 35.8735625, -78.8300739 35.8736008, -78.8298918 35.8736531, -78.8297008 35.8737207, -78.8295436 35.8737867, -78.8294005 35.8738527, -78.829208 35.87395)",43719613,"170506814,170506815,5960543288,170506816,170506817,5960543289,170506823,4524142290,4524142391,5960543290,5960543291,170506830,5960543292,170506832,170506834,170506837,170506840,5960543293,170506841,170506842",
801,553322385,553322387,True,64.23,65.0,5,motorway,,"LINESTRING (-78.8397318 35.8820318, -78.8392971 35.881574)",43719614,"553322385,553322387",I 40
802,553322396,553322402,True,63.8,65.0,6,motorway,,"LINESTRING (-78.8389783 35.8816515, -78.8394075 35.8821079)",43719616,"553322396,553322402",I 40
803,170507951,170685748,True,301.52,65.0,5,motorway,,"LINESTRING (-78.8395651 35.8822737, -78.8397373 35.8824156, -78.8416309 35.8844055)",43719617,"170507951,5891819891,170685748",I 40
804,170737650,1222384579,True,34.69,45.0,,primary,South Miami Boulevard,"LINESTRING (-78.849568 35.887258, -78.8494607 35.8873758, -78.8494094 35.8875361)",43719618,"170737650,1222382485,1222384579",
805,1222384579,5623394870,True,170.58,45.0,,primary,South Miami Boulevard,"LINESTRING (-78.8494094 35.8875361, -78.849324 35.8878037, -78.8491322 35.888379, -78.8489628 35.8889577, -78.8489492 35.8890238)",43719618,"1222384579,170737653,1222382935,5623394865,5623394870",
806,170499746,170508687,True,35.87,,1,motorway_link,,"LINESTRING (-78.8478222 35.8917385, -78.8480765 35.891831, -78.8481925 35.8918539)",43719620,"170499746,7474677925,170508687",
832,195393638,6513783834,True,159.36,70.0,3,motorway,Northern Wake Expressway,"LINESTRING (-78.8190474 35.8870288, -78.8200587 35.8858529)",78749991,"195393638,6513783834",I 540
838,553322291,250650080,True,304.12,,1,motorway_link,,"LINESTRING (-78.8315218 35.8726699, -78.8316357 35.8725009, -78.8334279 35.8704141)",90747920,"553322291,5891819916,250650080",
839,250650080,250650065,True,541.4,,1,motorway_link,,"LINESTRING (-78.8334279 35.8704141, -78.8347077 35.868896, -78.8366207 35.8662922)",90747920,"250650080,250650064,250650065",
855,1143945059,250650065,True,859.47,70.0,3,motorway,Northern Wake Expressway,"LINESTRING (-78.831212 35.8726585, -78.8333251 35.8701247, -78.8366207 35.8662922)",98882630,"1143945059,1143945057,250650065",NC 540
856,8718721628,1143945059,True,43.95,70.0,3,motorway,Northern Wake Expressway,"LINESTRING (-78.8309328 35.8729826, -78.831212 35.8726585)",98882631,"8718721628,1143945059",NC 540
3014,1222382829,170508390,True,35.9,,1,motorway_link,,"LINESTRING (-78.8413927 35.8814106, -78.8414461 35.8817305)",106182923,"1222382829,170508390",
3048,1216697685,1222382829,True,18.74,35.0,,secondary,Emperor Boulevard,"LINESTRING (-78.8413562 35.8812447, -78.8413927 35.8814106)",106182944,"1216697685,1222382829",
3059,170508390,553322702,True,248.4,,1,motorway_link,,"LINESTRING (-78.8414461 35.8817305, -78.84149 35.881978, -78.84149 35.882182, -78.841445 35.882328, -78.841362 35.882443, -78.841239 35.88255, -78.841088 35.882626, -78.840968 35.882657, -78.8408 35.882672, -78.840663 35.882654, -78.840533 35.88262, -78.840372 35.882539, -78.839832 35.8821428)",106182953,"170508390,170508402,170508423,170508426,170508429,170508432,170508436,170508438,170508442,170508443,170508446,170508450,553322702",
3173,1222383105,170511890,True,18.35,35.0,4,secondary,Emperor Boulevard,"LINESTRING (-78.8415466 35.8813741, -78.8415274 35.8812098)",106183060,"1222383105,170511890",
3257,2076743237,170513102,True,554.39,,1,motorway_link,,"LINESTRING (-78.8379626 35.8821595, -78.838046 35.882386, -78.838108 35.882567, -78.838191 35.882808, -78.838283 35.883044, -78.838378 35.883304, -78.838533 35.883555, -78.838633 35.883666, -78.83882 35.883834, -78.838927 35.883905, -78.839132 35.884013, -78.839224 35.884052, -78.839337 35.884093, -78.839431 35.884122, -78.839532 35.884146, -78.839944 35.884214, -78.840214 35.884253, -78.840586 35.884322, -78.840821 35.88438, -78.841074 35.884462, -78.841189 35.884505, -78.841388 35.88459, -78.84157 35.884681, -78.84184 35.884825, -78.841955 35.884898, -78.842283 35.885136)",106183094,"2076743237,170513052,170513055,170513056,170513059,170513061,170513064,170513067,170513070,170513071,170513072,170513074,170513075,170513076,170513078,170513080,170513083,170513085,170513087,170513089,170513090,170513091,170513093,170513096,170513100,170513102",
3289,1222384579,1222382778,True,45.93,,,service,,"LINESTRING (-78.8494094 35.8875361, -78.8492244 35.8875025, -78.8491286 35.8874851, -78.8489999 35.8875199, -78.8489344 35.8875656)",106183107,"1222384579,6465560307,1222383472,1222384014,1222382778",
3290,1222382778,1222384579,True,45.93,,,service,,"LINESTRING (-78.8489344 35.8875656, -78.8489999 35.8875199, -78.8491286 35.8874851, -78.8492244 35.8875025, -78.8494094 35.8875361)",106183107,"1222382778,1222384014,1222383472,6465560307,1222384579",
3387,170510775,170510751,True,224.73,,1,motorway_link,,"LINESTRING (-78.8469073 35.8886498, -78.8466343 35.8885748, -78.8464281 35.8885079, -78.846251 35.888432, -78.846012 35.888321, -78.845832 35.888212, -78.845601 35.888058, -78.8454464 35.8879473, -78.8448769 35.8875176)",106183144,"170510775,170510771,6685171161,170510766,170510764,170510762,170510758,6685171160,170510751",
3423,195693149,1143945056,True,1199.8,70.0,3,motorway,Northern Wake Expressway,"LINESTRING (-78.8231575 35.8822335, -78.8247242 35.880314, -78.8280245 35.8764226, -78.8289573 35.875321, -78.8306504 35.8733139)",112017287,"195693149,5960543298,5960543301,5960543300,1143945056",I 540
3615,6685167397,1912823900,True,169.89,45.0,4,primary,South Miami Boulevard,"LINESTRING (-78.8480347 35.8933536, -78.8480371 35.8932325, -78.8480495 35.8930999, -78.8480786 35.8928597, -78.8481395 35.8925825, -78.848314 35.8919896, -78.8483491 35.8918512)",180823338,"6685167397,1912823908,1912823907,1912823906,1912823905,1912823904,1912823900",
4581,1393937956,10910998778,True,122.61,45.0,3,secondary,Airport Boulevard,"LINESTRING (-78.8116471 35.8629097, -78.8124005 35.8625426, -78.8124853 35.8625013, -78.8125634 35.862461, -78.8128218 35.8623543)",409828576,"1393937956,4121750833,195395461,4121750834,10910998778",
4582,10910998778,4116982823,True,30.29,45.0,3,secondary,Airport Boulevard,"LINESTRING (-78.8128218 35.8623543, -78.813127 35.8622402)",409828576,"10910998778,4116982823",
5007,195387716,195400010,True,910.09,65.0,5,motorway,,"LINESTRING (-78.8105638 35.8583553, -78.809979 35.857982, -78.809336 35.857546, -78.807959 35.856612, -78.805028 35.854568, -78.8028471 35.8530768)",437690578,"195387716,195504153,195504155,195504157,195504160,195400010",I 40
5008,195504145,13597657664,True,432.84,65.0,5,motorway,,"LINESTRING (-78.823604 35.867338, -78.821904 35.866164, -78.821232 35.8657, -78.8199581 35.8648037)",437690579,"195504145,195504147,195504149,13597657664",I 40
5009,195504134,195504145,True,579.9,65.0,6,motorway,,"LINESTRING (-78.8285083 35.8707137, -78.827966 35.870304, -78.824565 35.867994, -78.824505 35.867954, -78.82415 35.867713, -78.823604 35.867338)",437690580,"195504134,195504136,195504138,195504141,195504143,195504145",I 40
5010,4354867395,170685667,True,35.42,65.0,5,motorway,,"LINESTRING (-78.8309115 35.8727663, -78.8308136 35.8726743, -78.8306548 35.872525)",437690582,"4354867395,9122942887,170685667",I 40
5011,170685667,195504134,True,279.27,65.0,5,motorway,,"LINESTRING (-78.8306548 35.872525, -78.8295109 35.8715295, -78.8285083 35.8707137)",437690582,"170685667,170685669,195504134",I 40
5012,448811302,4354867397,True,277.9,65.0,5,motorway,,"LINESTRING (-78.8313973 35.8735817, -78.8316052 35.8737759, -78.8318378 35.8740118, -78.832122 35.8743023, -78.8326905 35.8749096, -78.8330338 35.8752835, -78.8332962 35.8755504)",437690583,"448811302,5891819914,170685732,170685734,170685737,170685740,4354867397",I 40
5013,4354867397,170507963,True,83.27,65.0,4,motorway,,"LINESTRING (-78.8332962 35.8755504, -78.8336045 35.8758752, -78.8338246 35.8761636)",437690584,"4354867397,5891819894,170507963",I 40
5014,170507963,553322396,True,766.81,65.0,6,motorway,,"LINESTRING (-78.8338246 35.8761636, -78.8340122 35.8763602, -78.835751 35.878197, -78.8361843 35.878668, -78.8375849 35.880149, -78.8383627 35.8809878, -78.8389783 35.8816515)",437690585,"170507963,170685743,170685745,448811931,5891819893,5891819892,553322396",I 40
5015,170506789,4354867395,True,781.07,65.0,4,motorway,,"LINESTRING (-78.8362339 35.8783089, -78.8357983 35.8778918, -78.835146 35.877168, -78.835008 35.877015, -78.834819 35.876821, -78.833724 35.875649, -78.833145 35.87504, -78.8312985 35.8731439, -78.831171 35.873013, -78.830972 35.872822, -78.8309115 35.8727663)",437690586,"170506789,170685650,170685652,170685654,170685656,170685658,170685661,9374947240,170685664,170685666,4354867395",I 40
5016,553322702,553322385,True,15.29,65.0,5,motorway,,"LINESTRING (-78.839832 35.8821428, -78.8397318 35.8820318)",437690587,"553322702,553322385",I 40
5017,170513102,170499722,True,377.35,65.0,5,motorway,,"LINESTRING (-78.842283 35.885136, -78.8448358 35.8878265)",437690588,"170513102,170499722",I 40
5018,170511853,553322702,True,389.81,65.0,4,motorway,,"LINESTRING (-78.842465 35.884924, -78.8409366 35.8833586, -78.839832 35.8821428)",437690589,"170511853,170685649,553322702",I 40
5019,170510751,170511853,True,361.09,65.0,5,motorway,,"LINESTRING (-78.8448769 35.8875176, -78.842465 35.884924)",437690590,"170510751,170511853",I 40
5020,170499722,170508632,True,511.13,65.0,4,motorway,,"LINESTRING (-78.8448358 35.8878265, -78.8451795 35.8881591, -78.8455227 35.8884951, -78.8459225 35.8888632, -78.8463464 35.8892342, -78.8468733 35.8896531, -78.8475847 35.8901856, -78.8482381 35.8906115, -78.8486646 35.8908926, -78.8488762 35.8910358)",437690591,"170499722,6685167399,170685758,6685167400,170685761,6685167401,170685764,170685766,170685768,170508632",I 40
5021,170505098,170510751,True,414.18,65.0,4,motorway,,"LINESTRING (-78.8480274 35.8902164, -78.8476995 35.8900062, -78.8472287 35.8896646, -78.8465363 35.8891118, -78.8460392 35.8886742, -78.8455473 35.8882093, -78.8448769 35.8875176)",437690592,"170505098,6685171158,170685633,170685635,6685171159,170685638,170510751",I 40
5022,170508632,170502914,True,666.92,65.0,5,motorway,,"LINESTRING (-78.8488762 35.8910358, -78.8493724 35.8913216, -78.849746 35.8915283, -78.850078 35.891698, -78.850409 35.891858, -78.8507426 35.8920127, -78.85132 35.8922675, -78.851565 35.89237, -78.851792 35.892467, -78.8522494 35.8926447, -78.8528756 35.8928652, -78.8532496 35.8929872, -78.8535679 35.8930838, -78.853882 35.8931787, -78.8542101 35.8932671, -78.8548583 35.8934264, -78.855532 35.8935757)",437690593,"170508632,170685769,6649483410,170685776,170685778,170685779,170685781,170685784,170685787,170685788,170685790,170685793,170685796,6649483411,170685799,6649483412,170502914",I 40
5023,170685561,170505098,True,734.88,65.0,5,motorway,,"LINESTRING (-78.8551901 35.8932722, -78.8548403 35.893189, -78.8537753 35.892903, -78.8531214 35.8926949, -78.8526723 35.8925431, -78.852249 35.892388, -78.8518751 35.892246, -78.8514076 35.8920531, -78.8509664 35.8918566, -78.8504947 35.8916425, -78.850242 35.8915218, -78.850117 35.8914568, -78.849559 35.891169, -78.84878 35.890724, -78.848273 35.890386, -78.8480274 35.8902164)",437690595,"170685561,170685564,170685571,170685581,6649483402,170685589,170685591,6649483401,170685601,170685605,170685607,170685609,170685615,170685619,170685625,170505098",I 40
5088,250650061,170506814,True,232.93,,2,motorway_link,,"LINESTRING (-78.8341921 35.8754334, -78.8336558 35.8747071, -78.8334756 35.8744982, -78.8333534 35.8743769, -78.8332297 35.8742591, -78.8330514 35.8741255, -78.8328973 35.8740191, -78.8327334 35.8739208, -78.8325724 35.8738348)",456134906,"250650061,170506804,4524142490,5960543314,170506806,170506809,5960543315,170506812,170506814",
5174,553322287,553322291,True,22.06,,2,motorway_link,,"LINESTRING (-78.8313753 35.8728289, -78.8315218 35.8726699)",561946507,"553322287,553322291",
5204,170508687,1912823900,True,14.11,,1,primary_link,,"LINESTRING (-78.8481925 35.8918539, -78.8483491 35.8918512)",588829072,"170508687,1912823900",
5205,170737668,1892333206,True,79.97,45.0,3,primary,South Miami Boulevard,"LINESTRING (-78.8483966 35.8910645, -78.8482687 35.8915517, -78.8482292 35.8916957, -78.8482161 35.8917685)",588829073,"170737668,1912823897,170737671,1892333206",
5206,1892333206,170508632,True,344.1,,1,motorway_link,,"LINESTRING (-78.8482161 35.8917685, -78.8480951 35.8917413, -78.8479087 35.8916739, -78.8475967 35.8915378, -78.847446 35.8914642, -78.847322 35.891387, -78.84724 35.8913246, -78.847167 35.891245, -78.847126 35.891177, -78.847093 35.891093, -78.847081 35.890963, -78.847094 35.890896, -78.847134 35.890797, -78.847177 35.890752, -78.847231 35.890705, -78.847326 35.890642, -78.847432 35.890593, -78.847527 35.89057, -78.847657 35.8905602, -78.847789 35.890575, -78.847902 35.89059, -78.848076 35.890644, -78.8482393 35.8907243, -78.8488762 35.8910358)",588829074,"1892333206,6685157203,6685157204,170508686,6685167402,170508682,170508680,170508678,170508676,170508675,170508671,170508668,170508666,170508663,170508659,170508657,170508653,170508652,170508649,170508647,170508645,170508642,170508640,170508632",
5207,5623394873,170737668,True,92.16,45.0,3,primary,South Miami Boulevard,"LINESTRING (-78.8486172 35.8902552, -78.8483966 35.8910645)",588829075,"5623394873,170737668",
5209,7678720605,170505066,True,86.8,45.0,,primary,South Miami Boulevard,"LINESTRING (-78.8488782 35.8898727, -78.8489156 35.8897372, -78.8490486 35.8892348, -78.8490992 35.8891136)",588829076,"7678720605,5623394869,6685171162,170505066",
5212,1892333206,170508687,True,9.73,45.0,2,primary,South Miami Boulevard,"LINESTRING (-78.8482161 35.8917685, -78.8481925 35.8918539)",588829079,"1892333206,170508687",
5213,1912823900,1912823898,True,35.55,45.0,4,primary,South Miami Boulevard,"LINESTRING (-78.8483491 35.8918512, -78.8484368 35.8915395)",588829080,"1912823900,1912823898",
5214,1222382829,1222383105,True,14.45,45.0,2,secondary,Page Road,"LINESTRING (-78.8413927 35.8814106, -78.8415466 35.8813741)",588829082,"1222382829,1222383105",
5215,5579579841,5891819887,True,98.22,45.0,2,secondary,Page Road,"LINESTRING (-78.8403821 35.8814826, -78.8400244 35.8815868, -78.8393518 35.8817713)",588829083,"5579579841,170508356,5891819887",
5216,170511890,1216697685,True,15.9,45.0,3,secondary,Page Road,"LINESTRING (-78.8415274 35.8812098, -78.8413562 35.8812447)",588829084,"170511890,1216697685",
6229,251839043,346856070,True,189.93,,2,motorway_link,,"LINESTRING (-78.8257691 35.8783409, -78.8254874 35.8787472, -78.8252246 35.8791041, -78.8250361 35.8793612, -78.8247438 35.8797089, -78.8247287 35.8798149)",623953581,"251839043,6517212556,6517212557,6517212549,6661532198,346856070",
6230,170511314,251839043,True,313.7,,3,motorway_link,,"LINESTRING (-78.8274941 35.8758909, -78.8272468 35.8762354, -78.8270009 35.8765674, -78.8268131 35.876851, -78.8266133 35.8771237, -78.8264376 35.8773802, -78.8261754 35.8777461, -78.8259615 35.8780452, -78.8257691 35.8783409)",623953582,"170511314,170511318,6517212554,6517212553,6517212551,6517212552,170511323,6661532197,251839043",
6231,5891819514,195692920,True,239.11,70.0,4,motorway,Northern Wake Expressway,"LINESTRING (-78.82329 35.8815518, -78.8225705 35.8824249, -78.822197 35.8828644, -78.8219074 35.8832048, -78.8217999 35.8833312)",623953583,"5891819514,6517212547,6517212546,6517212544,195692920",I 540
6232,346856070,5891819514,True,232.62,70.0,5,motorway,Northern Wake Expressway,"LINESTRING (-78.8247287 35.8798149, -78.8240142 35.8806521, -78.82329 35.8815518)",623953584,"346856070,6517212548,5891819514",I 540
6253,1222383105,1222383230,True,73.35,45.0,3,secondary,Page Road,"LINESTRING (-78.8415466 35.8813741, -78.8423258 35.8811828)",623953619,"1222383105,1222383230",
6254,1216700857,1216697685,True,195.9,,3,secondary,Emperor Boulevard,"LINESTRING (-78.8410644 35.8794993, -78.8410812 35.8796755, -78.8411374 35.8800294, -78.8412005 35.8804141, -78.8413399 35.8811617, -78.8413562 35.8812447)",623953620,"1216700857,1216702413,5891819573,5891819574,6621197850,1216697685",
6259,170511884,1222383105,True,126.97,,5,motorway_link,,"LINESTRING (-78.84171 35.8825082, -78.8416719 35.8822426, -78.8416135 35.8818484, -78.8415575 35.8814818, -78.8415466 35.8813741)",623953630,"170511884,170511886,5891819779,6621197852,1222383105",
6260,170511872,170511884,True,81.28,,3,motorway_link,,"LINESTRING (-78.841758 35.883238, -78.841737 35.882921, -78.841732 35.882762, -78.84171 35.8825082)",623953631,"170511872,170511876,170511877,170511884",
6261,5891819780,5579579841,True,63.13,45.0,3,secondary,Page Road,"LINESTRING (-78.8410516 35.8813149, -78.8403821 35.8814826)",623953632,"5891819780,5579579841",
6262,1216697685,5891819780,True,28.53,45.0,2,secondary,Page Road,"LINESTRING (-78.8413562 35.8812447, -78.8410516 35.8813149)",623953633,"1216697685,5891819780",
6265,170508357,170508390,True,60.92,,1,motorway_link,,"LINESTRING (-78.8408518 35.8815373, -78.841152 35.881549, -78.841261 35.881588, -78.841364 35.881654, -78.8414461 35.8817305)",623953635,"170508357,170508362,170508365,170508368,170508390",
6266,170508357,1222382829,True,50.73,45.0,5,secondary,Page Road,"LINESTRING (-78.8408518 35.8815373, -78.8413254 35.8814253, -78.8413927 35.8814106)",623953636,"170508357,6621197851,1222382829",
6267,5891819886,1222382942,True,61.05,45.0,4,secondary,Page Road,"LINESTRING (-78.8394141 35.8818691, -78.8400596 35.8817021)",623953637,"5891819886,1222382942",
6268,170513047,5891819886,True,127.64,45.0,3,secondary,Page Road,"LINESTRING (-78.8380481 35.8821394, -78.8382809 35.8821462, -78.8389783 35.881981, -78.8394141 35.8818691)",623953638,"170513047,5891819889,6992470457,5891819886",
6269,170513047,2076743237,True,8.02,45.0,5,secondary,Page Road,"LINESTRING (-78.8380481 35.8821394, -78.8379626 35.8821595)",623953639,"170513047,2076743237",
6270,2076743237,170513047,True,8.02,45.0,5,secondary,Page Road,"LINESTRING (-78.8379626 35.8821595, -78.8380481 35.8821394)",623953639,"2076743237,170513047",
6271,2076743237,170550405,True,83.7,45.0,4,secondary,Page Road,"LINESTRING (-78.8379626 35.8821595, -78.8378903 35.8821757, -78.8377808 35.8822002, -78.8370657 35.8823559)",623953640,"2076743237,7555249530,5579579845,170550405",
6272,170550405,2076743237,True,83.7,45.0,4,secondary,Page Road,"LINESTRING (-78.8370657 35.8823559, -78.8377808 35.8822002, -78.8378903 35.8821757, -78.8379626 35.8821595)",623953640,"170550405,5579579845,7555249530,2076743237",
6273,5891819887,170513047,True,125.02,45.0,3,secondary,Page Road,"LINESTRING (-78.8393518 35.8817713, -78.8389528 35.8818745, -78.8381043 35.8820965, -78.8380481 35.8821394)",623953641,"5891819887,6992470458,5891819888,170513047",
6274,170507895,170513047,True,145.06,25.0,3,motorway_link,,"LINESTRING (-78.838556 35.883375, -78.838466 35.8832317, -78.838395 35.883074, -78.838104 35.88229, -78.8380481 35.8821394)",623953642,"170507895,5891819890,170507894,7555249529,170513047",
6275,170685748,170513102,True,100.25,65.0,4,motorway,,"LINESTRING (-78.8416309 35.8844055, -78.842283 35.885136)",623953643,"170685748,170513102",I 40
6276,553322402,170507951,True,23.27,65.0,6,motorway,,"LINESTRING (-78.8394075 35.8821079, -78.8395651 35.8822737)",623953644,"553322402,170507951",I 40
6277,448811304,553322281,True,43.4,,2,motorway_link,,"LINESTRING (-78.8305553 35.8737897, -78.8308375 35.8734734)",623953645,"448811304,553322281",
6285,5891819863,195505066,True,592.37,65.0,4,motorway,,"LINESTRING (-78.8042196 35.8543379, -78.809297 35.857721)",623953662,"5891819863,195505066",I 40
6286,195387713,195505072,True,45.17,65.0,5,motorway,,"LINESTRING (-78.8175744 35.863405, -78.8179513 35.8636728)",623953675,"195387713,195505072",I 40
6287,195505072,195505076,True,201.82,65.0,5,motorway,,"LINESTRING (-78.8179513 35.8636728, -78.8182246 35.8638537, -78.8196633 35.8648429)",623953675,"195505072,195505073,195505076",I 40
6288,195505076,195415150,True,686.71,65.0,5,motorway,,"LINESTRING (-78.8196633 35.8648429, -78.8202407 35.8652394, -78.820982 35.865823, -78.822049 35.86655, -78.82288 35.867116, -78.824161 35.8679602, -78.8254585 35.8688501)",623953676,"195505076,195505078,195505080,195505081,195505082,195505083,195415150",I 40
7259,6513783834,195693149,True,489.81,70.0,5,motorway,Northern Wake Expressway,"LINESTRING (-78.8200587 35.8858529, -78.82107 35.884677, -78.821106 35.884634, -78.821497 35.884188, -78.8231575 35.8822335)",693785393,"6513783834,195693155,195693153,195693151,195693149",I 540
7260,170508026,170507963,True,701.6,,2,motorway_link,,"LINESTRING (-78.8276491 35.8772839, -78.8277908 35.8771596, -78.8288288 35.8760686, -78.8291305 35.8757698, -78.8293021 35.8756311, -78.8294765 35.875509, -78.8296616 35.8754067, -78.8298492 35.8753142, -78.8301136 35.8752151, -78.8303967 35.8751291, -78.8306433 35.8750826, -78.8308985 35.8750452, -78.8311651 35.8750306, -78.8314689 35.8750352, -78.8317863 35.8750757, -78.8320459 35.8751271, -78.8322604 35.8751901, -78.8324462 35.8752524, -78.832572 35.875303, -78.8327533 35.8753915, -78.8329839 35.8755202, -78.8331539 35.8756368, -78.8332928 35.8757496, -78.8335032 35.875934, -78.8338246 35.8761636)",693785395,"170508026,7204526359,7204526360,5891819896,170508014,5891819895,170508011,170508006,170508003,170508001,170507997,170507995,170507993,170507991,170507989,170507986,170507984,170507981,170507979,170507975,170507974,170507973,170507971,170507968,170507963",
7261,170508026,448811304,True,468.88,,1,motorway_link,,"LINESTRING (-78.8276491 35.8772839, -78.8277519 35.8770998, -78.8282561 35.8765087, -78.8288857 35.8757597, -78.8298003 35.8746754, -78.8303737 35.8739946, -78.8305553 35.8737897)",693785397,"170508026,7204526357,7204526358,170627230,170627234,170627238,448811304",
7262,195390845,195387716,True,481.36,65.0,4,motorway,,"LINESTRING (-78.814647 35.8611461, -78.8105638 35.8583553)",693786444,"195390845,195387716",I 40
7263,195387689,195387713,True,832.25,65.0,4,motorway,,"LINESTRING (-78.8105337 35.8585614, -78.8175744 35.863405)",693786445,"195387689,195387713",I 40
7319,6517212563,346856070,True,884.17,70.0,3,motorway,Northern Wake Expressway,"LINESTRING (-78.8303051 35.8732778, -78.8294972 35.8742284, -78.8286781 35.8752113, -78.8275377 35.876548, -78.8260791 35.8782772, -78.8252216 35.8792903, -78.8248229 35.8797567, -78.8247287 35.8798149)",694163575,"6517212563,6517212562,6517212561,6517212560,6517212559,6517212558,6517212550,346856070",I 540
7320,170583654,250650100,True,414.32,70.0,4,motorway,Northern Wake Expressway,"LINESTRING (-78.8335948 35.8693834, -78.8309965 35.8724576)",694163576,"170583654,250650100",NC 540
7321,6517212573,170583654,True,482.87,70.0,4,motorway,Northern Wake Expressway,"LINESTRING (-78.8366193 35.8657988, -78.8363915 35.86607, -78.8354862 35.8671689, -78.8345005 35.8683092, -78.8335948 35.8693834)",694163577,"6517212573,250650099,6517212572,6517212571,170583654",NC 540
7322,250650095,251930249,True,179.19,,2,motorway_link,,"LINESTRING (-78.8407745 35.8624078, -78.8403958 35.8626481, -78.8400961 35.8628323, -78.8395567 35.8631567, -78.839264 35.8634439)",694163578,"250650095,6517220399,6517220398,250650096,251930249",
7792,170499746,170499757,True,98.02,,1,motorway_link,,"LINESTRING (-78.8478222 35.8917385, -78.84793 35.891831, -78.847977 35.891888, -78.848013 35.89195, -78.848035 35.892022, -78.848046 35.892095, -78.84802 35.8923399, -78.8479952 35.8925627)",709688938,"170499746,170499748,170499750,170499752,170499754,170499756,6685167398,170499757",
7793,170499738,170499746,True,97.12,,2,motorway_link,,"LINESTRING (-78.846929 35.891254, -78.84714 35.8914, -78.847479 35.891583, -78.8478222 35.8917385)",709688939,"170499738,170499740,170499742,170499746",
7797,1912823898,5623394867,True,44.87,45.0,4,primary,South Miami Boulevard,"LINESTRING (-78.8484368 35.8915395, -78.8485297 35.8911431)",711095459,"1912823898,5623394867",
7798,170499757,170737675,True,42.1,45.0,3,primary,South Miami Boulevard,"LINESTRING (-78.8479952 35.8925627, -78.8479556 35.89273, -78.8479154 35.8929357)",711097376,"170499757,6685167396,170737675",
7799,170608793,6685167397,True,53.97,45.0,3,primary,South Miami Boulevard,"LINESTRING (-78.8479346 35.8938256, -78.84803 35.8936089, -78.8480347 35.8933536)",711097377,"170608793,1912823910,6685167397",
7800,170508687,170499757,True,80.79,45.0,2,primary,South Miami Boulevard,"LINESTRING (-78.8481925 35.8918539, -78.8479952 35.8925627)",711097378,"170508687,170499757",
7801,5623394870,170510775,True,188.61,,2,motorway_link,,"LINESTRING (-78.8489492 35.8890238, -78.8488054 35.8889989, -78.847602 35.88879, -78.847225 35.888717, -78.8469073 35.8886498)",711098913,"5623394870,6465560302,170510779,170510777,170510775",
7802,170505072,5623394871,True,102.92,,2,motorway_link,,"LINESTRING (-78.8478019 35.8889824, -78.8479591 35.88897, -78.8481112 35.8889838, -78.8487911 35.8891011, -78.8489168 35.8891438)",711098914,"170505072,170505071,6685171164,6685171163,5623394871",
8153,6965013034,6965013043,True,93.12,,,secondary,,"LINESTRING (-78.8141829 35.8614697, -78.8150903 35.8610691)",744199299,"6965013034,6965013043",
8154,6965012913,195387720,True,189.69,,,motorway_link,,"LINESTRING (-78.8147382 35.8601774, -78.8142199 35.8600718, -78.814046 35.8600344, -78.813851 35.8599869, -78.8136196 35.8599142, -78.813293 35.8598064, -78.8129979 35.8596915, -78.8127743 35.859586)",744199300,"6965012913,6965012927,6965012926,6965012925,6965012930,6965012929,6965012928,195387720",
8156,10910998778,6965013029,True,144.77,,,motorway_link,,"LINESTRING (-78.8128218 35.8623543, -78.8131831 35.8622749, -78.8133217 35.862252, -78.8133577 35.8622431, -78.8134483 35.8622207, -78.8135942 35.8622009, -78.8137331 35.8621954, -78.8138649 35.8621999, -78.8140582 35.8622245, -78.8141777 35.8622533, -78.8143887 35.8623011)",744199302,"10910998778,6965013027,6965013026,13403768513,6965012896,6965012895,6965012894,6965012899,6965012898,6965012897,6965013029",
8157,6965013029,195505072,True,357.73,,,motorway_link,,"LINESTRING (-78.8143887 35.8623011, -78.8149064 35.8624354, -78.8157965 35.8626714, -78.8159593 35.8627239, -78.8161372 35.8627871, -78.8163644 35.8628752, -78.8166898 35.8630169, -78.817362 35.8633742, -78.8179513 35.8636728)",744199303,"6965013029,6965013031,6965013033,6965013032,6965013028,6965013024,6965013023,6965013025,195505072",
8158,6965012891,6965013018,True,80.62,,,motorway_link,,"LINESTRING (-78.8131063 35.8614001, -78.8131827 35.8615821, -78.8132044 35.8617192, -78.8131858 35.8618235, -78.813127 35.8619427, -78.8129976 35.8620646)",744199305,"6965012891,6965012910,6965012909,6965012902,6965012901,6965013018",
8159,4121689492,6964950168,True,91.71,,,motorway_link,,"LINESTRING (-78.8167088 35.861397, -78.8165631 35.8612492, -78.8164485 35.8611556, -78.8162846 35.861079, -78.8161651 35.8610483, -78.81607 35.8610434, -78.8158588 35.8610549)",744199306,"4121689492,6965012949,6965012954,6965012953,6965012952,6965012920,6964950168",
8162,10910970415,4121689492,True,137.12,40.0,3,motorway_link,,"LINESTRING (-78.8172915 35.8625354, -78.8172354 35.8624495, -78.8170813 35.8621612, -78.8169321 35.8618404, -78.8167088 35.861397)",744199308,"10910970415,6965012957,6965012956,6965012955,4121689492",
8163,195387701,6965013018,True,49.73,,,secondary,Airport Boulevard,"LINESTRING (-78.8135246 35.8619492, -78.813332 35.8619642, -78.8132077 35.8619869, -78.8129976 35.8620646)",744199310,"195387701,6965013019,6965013017,6965013018",
8164,6965013039,6965013040,True,93.34,,,secondary,,"LINESTRING (-78.8153741 35.8612634, -78.8144618 35.8616608)",744199311,"6965013039,6965013040",
8165,6964950184,6965012885,True,94.45,,,secondary,Airport Boulevard,"LINESTRING (-78.8152787 35.8609869, -78.8153857 35.8609321, -78.8155499 35.8608675, -78.8157516 35.8608048, -78.8158501 35.8607869, -78.8158912 35.8607794, -78.8159485 35.8607689, -78.8162652 35.8607256)",744199312,"6964950184,6964950183,6964950182,6965012887,13196063006,13403768543,6965012886,6965012885",
8167,195419095,6964950175,True,43.07,,,secondary,Airport Boulevard,"LINESTRING (-78.817623 35.8600471, -78.8171907 35.8602123)",744199313,"195419095,6964950175",
8168,6964950175,6965012885,True,103.37,,,secondary,Airport Boulevard,"LINESTRING (-78.8171907 35.8602123, -78.8166488 35.8604423, -78.8165318 35.8604977, -78.8164733 35.8605254, -78.8164175 35.8605553, -78.8163548 35.8605963, -78.8163184 35.8606318, -78.8162971 35.8606622, -78.8162652 35.8607256)",744199313,"6964950175,6964950174,7613704280,7613704281,6964950173,7613704282,6964950166,6964950165,6965012885",
8169,195387689,6965012892,True,363.08,,,motorway_link,,"LINESTRING (-78.8105337 35.8585614, -78.8120772 35.8598377, -78.8121978 35.859969, -78.8124131 35.8602675, -78.8126029 35.8605617, -78.8129458 35.8611346)",744199314,"195387689,6965012890,6965012889,6965012888,6965012893,6965012892",
8170,6964950175,6965012913,True,228.13,,,motorway_link,,"LINESTRING (-78.8171907 35.8602123, -78.816625 35.8603777, -78.8164526 35.8604203, -78.8163933 35.8604243, -78.8162663 35.8604329, -78.8161257 35.8604256, -78.8159394 35.8603967, -78.8153509 35.8602684, -78.8152842 35.8602585, -78.8147382 35.8601774)",744199315,"6964950175,6965012919,6965012924,13403768546,6965012923,6965012922,6965012915,6965012914,11868529895,6965012913",
8183,170550405,170550407,True,41.29,45.0,3,secondary,Page Road,"LINESTRING (-78.8370657 35.8823559, -78.8366264 35.8824616)",747289696,"170550405,170550407",
8184,170550407,170550405,True,41.29,45.0,3,secondary,Page Road,"LINESTRING (-78.8366264 35.8824616, -78.8370657 35.8823559)",747289696,"170550407,170550405",
8414,5623394871,170505066,True,16.77,,2,primary_link,,"LINESTRING (-78.8489168 35.8891438, -78.8490992 35.8891136)",762954889,"5623394871,170505066",
8415,170505066,5623394870,True,16.8,,2,primary_link,,"LINESTRING (-78.8490992 35.8891136, -78.8489492 35.8890238)",762954890,"170505066,5623394870",
8526,4354867396,7204526361,True,182.21,65.0,5,motorway,,"LINESTRING (-78.826849 35.8698082, -78.8278914 35.8705633, -78.8283449 35.8709106)",771740491,"4354867396,7204526362,7204526361",I 40
8527,170685724,448811302,True,126.35,65.0,6,motorway,,"LINESTRING (-78.8304724 35.8727279, -78.830736 35.872988, -78.8308437 35.8730847, -78.8313973 35.8735817)",771740492,"170685724,170685727,9122942888,448811302",I 40
8578,170550407,170733745,True,100.5,,3,residential,Old Page Road,"LINESTRING (-78.8366264 35.8824616, -78.8366473 35.8825198, -78.8366858 35.8826003, -78.8367293 35.882657, -78.8367876 35.882712, -78.8368763 35.882754, -78.8370316 35.882791, -78.8371926 35.882828, -78.8373169 35.8828676, -78.8374931 35.8829385)",784522799,"170550407,170733726,170733729,170733732,170733734,170733737,7329029644,170733743,170733744,170733745",
8579,170733745,170550407,True,100.5,,3,residential,Old Page Road,"LINESTRING (-78.8374931 35.8829385, -78.8373169 35.8828676, -78.8371926 35.882828, -78.8370316 35.882791, -78.8368763 35.882754, -78.8367876 35.882712, -78.8367293 35.882657, -78.8366858 35.8826003, -78.8366473 35.8825198, -78.8366264 35.8824616)",784522799,"170733745,170733744,170733743,7329029644,170733737,170733734,170733732,170733729,170733726,170550407",
8942,250650100,8718721627,True,44.35,70.0,4,motorway,Northern Wake Expressway,"LINESTRING (-78.8309965 35.8724576, -78.8307158 35.8727852)",941476165,"250650100,8718721627",NC 540
8943,1143945056,8718721628,True,44.77,70.0,3,motorway,Northern Wake Expressway,"LINESTRING (-78.8306504 35.8733139, -78.8309328 35.8729826)",941476166,"1143945056,8718721628",I 540
9487,6965012972,1393937956,True,84.69,45.0,3,secondary,Airport Boulevard,"LINESTRING (-78.8108338 35.8632913, -78.8116471 35.8629097)",1123568090,"6965012972,1393937956",
9499,195394331,10910970415,True,182.08,40.0,1,motorway_link,,"LINESTRING (-78.8185467 35.8638107, -78.8180873 35.8633974, -78.8179282 35.8632598, -78.8177785 35.8631279, -78.8176499 35.8629999, -78.817547 35.8628815, -78.8174465 35.8627573, -78.8173475 35.8626213, -78.8172915 35.8625354)",1174244046,"195394331,6965012946,6965012939,6965012938,6965012937,6965012942,6965012941,6965012940,10910970415",
9500,4121689492,6964950181,True,89.61,40.0,2,motorway_link,,"LINESTRING (-78.8167088 35.861397, -78.8165994 35.8610597, -78.81661 35.8608265, -78.8167667 35.8606423)",1174244047,"4121689492,6965012950,10910970416,6964950181",
9721,195387701,6965013042,True,56.62,,,secondary,Airport Boulevard,"LINESTRING (-78.8135246 35.8619492, -78.8135733 35.8618781, -78.8136446 35.8617832, -78.8137963 35.8616574, -78.8139395 35.8615775)",1230062933,"195387701,6965013035,6965013038,6965013041,6965013042",
9722,6965013042,6965013034,True,25.0,,,secondary,Airport Boulevard,"LINESTRING (-78.8139395 35.8615775, -78.8141829 35.8614697)",1230062933,"6965013042,6965013034",
9727,195387720,195387716,True,241.86,40.0,1,motorway_link,,"LINESTRING (-78.8127743 35.859586, -78.8124029 35.8594159, -78.8105638 35.8583553)",1230062935,"195387720,195387718,195387716",
9737,195419095,11407094385,True,16.7,,4,unclassified,Aerial Center Parkway,"LINESTRING (-78.817623 35.8600471, -78.8177203 35.8601749)",1242570457,"195419095,11407094385",
9738,11407094385,195419095,True,16.7,,4,unclassified,Aerial Center Parkway,"LINESTRING (-78.8177203 35.8601749, -78.817623 35.8600471)",1242570457,"11407094385,195419095",
9739,6964950168,6965013039,True,49.52,,,secondary,Airport Boulevard,"LINESTRING (-78.8158588 35.8610549, -78.8157649 35.8611063, -78.8153741 35.8612634)",1242570458,"6964950168,6964950167,6965013039",
9740,6965013043,6964950184,True,19.28,,,secondary,Airport Boulevard,"LINESTRING (-78.8150903 35.8610691, -78.8152787 35.8609869)",1242570459,"6965013043,6964950184",
9784,170550407,11806514413,True,83.45,,,residential,Top Golf Way,"LINESTRING (-78.8366264 35.8824616, -78.8364488 35.8821434, -78.8363009 35.8818169, -78.8362795 35.8817663)",1271379670,"170550407,11599150549,11599150531,11806514413",
9785,11806514413,170550407,True,83.45,,,residential,Top Golf Way,"LINESTRING (-78.8362795 35.8817663, -78.8363009 35.8818169, -78.8364488 35.8821434, -78.8366264 35.8824616)",1271379670,"11806514413,11599150531,11599150549,170550407",
9849,6965012885,6964950181,True,46.72,,,secondary,Airport Boulevard,"LINESTRING (-78.8162652 35.8607256, -78.8163564 35.8607294, -78.8165041 35.8607125, -78.8166682 35.8606803, -78.8167667 35.8606423)",1278436547,"6965012885,6964950178,6964950177,6964950176,6964950181",
9850,6965012885,6964950168,True,51.82,,,secondary,Airport Boulevard,"LINESTRING (-78.8162652 35.8607256, -78.8160396 35.8609171, -78.8160107 35.860941, -78.8159597 35.8609832, -78.8158588 35.8610549)",1278436548,"6965012885,6964950164,13403768542,6964950169,6964950168",
9851,6965013040,10910970417,True,18.86,,,secondary,Airport Boulevard,"LINESTRING (-78.8144618 35.8616608, -78.8142811 35.8617464)",1278436549,"6965013040,10910970417",
9852,10910970417,195387701,True,72.59,,,secondary,Airport Boulevard,"LINESTRING (-78.8142811 35.8617464, -78.8140757 35.8618348, -78.8138895 35.8619005, -78.8137268 35.8619222, -78.8135246 35.8619492)",1278436549,"10910970417,11868529901,11868529900,13403768523,195387701",
9853,4116982823,195387701,True,48.49,,,secondary,Airport Boulevard,"LINESTRING (-78.813127 35.8622402, -78.8133499 35.8621046, -78.8135246 35.8619492)",1278436550,"4116982823,6965013036,195387701",
9854,6964950184,6965012913,True,140.64,,,motorway_link,,"LINESTRING (-78.8152787 35.8609869, -78.8153922 35.860872, -78.8154663 35.8607777, -78.8154928 35.8607205, -78.8155123 35.8606361, -78.8155072 35.8605646, -78.8154792 35.860483, -78.8154162 35.8603956, -78.8153144 35.8603182, -78.8151049 35.8602565, -78.8147382 35.8601774)",1278436551,"6964950184,6965012918,6965012917,6965012916,6965012933,6965012932,6965012931,6965012936,6965012935,6965012934,6965012913",
9855,6965012891,6965013042,True,84.56,,,motorway_link,,"LINESTRING (-78.8131063 35.8614001, -78.8132854 35.8615315, -78.8135012 35.8616213, -78.8136107 35.8616422, -78.8137173 35.8616395, -78.8139395 35.8615775)",1278436552,"6965012891,6965012908,6965012907,6965012906,6965012911,6965013042",
9885,10910970417,6965013029,True,78.0,,,motorway_link,,"LINESTRING (-78.8142811 35.8617464, -78.8141879 35.8617962, -78.8141323 35.861872, -78.8141116 35.8619544, -78.814115 35.8620444, -78.8141505 35.8621213, -78.8142116 35.8621885, -78.8142928 35.8622502, -78.8143887 35.8623011)",1293616616,"10910970417,11991753342,11991753340,11991753343,11991753339,11991753344,11991753341,11991753345,6965013029",
10016,5623394871,5623394873,True,126.5,45.0,,primary,South Miami Boulevard,"LINESTRING (-78.8489168 35.8891438, -78.8487689 35.8897104, -78.8486172 35.8902552)",1369625752,"5623394871,5623394872,5623394873",
10017,170505066,1222385025,True,146.55,45.0,,primary,South Miami Boulevard,"LINESTRING (-78.8490992 35.8891136, -78.8491617 35.8889713, -78.8492264 35.8887331, -78.849493 35.8878357)",1369625753,"170505066,5623394866,1222384716,1222385025",
10018,1222385025,170737650,True,65.38,45.0,,primary,South Miami Boulevard,"LINESTRING (-78.849493 35.8878357, -78.849598 35.8874057, -78.849568 35.887258)",1369625753,"1222385025,1222383580,170737650",
10019,5623394870,5623394871,True,13.66,45.0,,primary,South Miami Boulevard,"LINESTRING (-78.8489492 35.8890238, -78.8489168 35.8891438)",1369625754,"5623394870,5623394871",
10043,6964950181,11407094385,True,100.44,,,secondary,Airport Boulevard,"LINESTRING (-78.8167667 35.8606423, -78.8169157 35.8605643, -78.8172137 35.8604216, -78.8174741 35.8602942, -78.8177203 35.8601749)",1378300021,"6964950181,6964950180,6964950179,6965012912,11407094385",
10046,6965013018,195396467,True,98.35,,,secondary,Airport Boulevard,"LINESTRING (-78.8129976 35.8620646, -78.8128065 35.8621599, -78.8120703 35.862531)",1378300022,"6965013018,6965013045,195396467",
10053,170550407,12898732453,True,44.65,45.0,3,secondary,Page Road,"LINESTRING (-78.8366264 35.8824616, -78.8365026 35.8824895, -78.836149 35.8825693)",1393455403,"170550407,6992453837,12898732453",
10054,12898732453,170550407,True,44.65,45.0,3,secondary,Page Road,"LINESTRING (-78.836149 35.8825693, -78.8365026 35.8824895, -78.8366264 35.8824616)",1393455403,"12898732453,6992453837,170550407",
10200,195394331,195390845,True,459.66,65.0,5,motorway,,"LINESTRING (-78.8185467 35.8638107, -78.817061 35.862782, -78.814647 35.8611461)",1482834114,"195394331,195504151,195390845",I 40
10201,13597657664,195394331,True,168.43,65.0,5,motorway,,"LINESTRING (-78.8199581 35.8648037, -78.8185467 35.8638107)",1482834115,"13597657664,195394331",I 40
10202,195415150,4354867396,True,164.48,65.0,4,motorway,,"LINESTRING (-78.8254585 35.8688501, -78.8264865 35.8695482, -78.826849 35.8698082)",1482844148,"195415150,7204526363,4354867396",I 40
10209,6965012892,6965012891,True,32.87,,3,motorway_link,,"LINESTRING (-78.8129458 35.8611346, -78.8131063 35.8614001)",1485612006,"6965012892,6965012891",
10210,195505066,195387689,True,145.45,65.0,5,motorway,,"LINESTRING (-78.809297 35.857721, -78.809931 35.858155, -78.8105337 35.8585614)",1485619527,"195505066,195505070,195387689",I 40
10229,250650065,250650067,True,399.67,70.0,4,motorway,Northern Wake Expressway,"LINESTRING (-78.8366207 35.8662922, -78.8371854 35.8656237, -78.8377668 35.8650148, -78.8381955 35.8646397, -78.8388632 35.8640977, -78.8393073 35.8637821, -78.8395507 35.8636151)",1494902056,"250650065,5960543302,250650066,250650081,1216698683,250650082,250650067",NC 540
