node_id,x_coord,y_coord
170499722,-78.8448358,35.8878265
170499738,-78.846929,35.891254
170499746,-78.8478222,35.8917385
170499757,-78.8479952,35.8925627
170502914,-78.855532,35.8935757
170503565,-78.8310217,35.8727735
170505066,-78.8490992,35.8891136
170505072,-78.8478019,35.8889824
170505098,-78.8480274,35.8902164
170506789,-78.8362339,35.8783089
170506814,-78.8325724,35.8738348
170506842,-78.829208,35.87395
170507895,-78.838556,35.883375
170507951,-78.8395651,35.8822737
170507963,-78.8338246,35.8761636
170508026,-78.8276491,35.8772839
170508357,-78.8408518,35.8815373
170508390,-78.8414461,35.8817305
170508632,-78.8488762,35.8910358
170508687,-78.8481925,35.8918539
170510751,-78.8448769,35.8875176
170510775,-78.8469073,35.8886498
170511314,-78.8274941,35.8758909
170511853,-78.842465,35.884924
170511872,-78.841758,35.883238
170511884,-78.84171,35.8825082
170511890,-78.8415274,35.8812098
170513047,-78.8380481,35.8821394
170513102,-78.842283,35.885136
170550405,-78.8370657,35.8823559
170550407,-78.8366264,35.8824616
170583654,-78.8335948,35.8693834
170608793,-78.8479346,35.8938256
170685561,-78.8551901,35.8932722
170685667,-78.8306548,35.872525
170685724,-78.8304724,35.8727279
170685748,-78.8416309,35.8844055
170733745,-78.8374931,35.8829385
170737650,-78.849568,35.887258
170737668,-78.8483966,35.8910645
170737675,-78.8479154,35.8929357
195387689,-78.8105337,35.8585614
195387701,-78.8135246,35.8619492
195387713,-78.8175744,35.863405
195387716,-78.8105638,35.8583553
195387720,-78.8127743,35.859586
195390845,-78.814647,35.8611461
195393638,-78.8190474,35.8870288
195394331,-78.8185467,35.8638107
195396467,-78.8120703,35.862531
195400010,-78.8028471,35.8530768
195415150,-78.8254585,35.8688501
195419095,-78.817623,35.8600471
195504134,-78.8285083,35.8707137
195504145,-78.823604,35.867338
195505066,-78.809297,35.857721
195505072,-78.8179513,35.8636728
195505076,-78.8196633,35.8648429
195692920,-78.8217999,35.8833312
195693149,-78.8231575,35.8822335
250650061,-78.8341921,35.8754334
250650065,-78.8366207,35.8662922
250650067,-78.8395507,35.8636151
250650080,-78.8334279,35.8704141
250650095,-78.8407745,35.8624078
250650100,-78.8309965,35.8724576
250650103,-78.8304676,35.8730904
251839043,-78.8257691,35.8783409
251930247,-78.8448065,35.8612641
251930249,-78.839264,35.8634439
346856070,-78.8247287,35.8798149
448811302,-78.8313973,35.8735817
448811304,-78.8305553,35.8737897
553322281,-78.8308375,35.8734734
553322287,-78.8313753,35.8728289
553322291,-78.8315218,35.8726699
553322385,-78.8397318,35.8820318
553322387,-78.8392971,35.881574
553322396,-78.8389783,35.8816515
553322402,-78.8394075,35.8821079
553322702,-78.839832,35.8821428
1143945056,-78.8306504,35.8733139
1143945059,-78.831212,35.8726585
1216697685,-78.8413562,35.8812447
1216700857,-78.8410644,35.8794993
1222382778,-78.8489344,35.8875656
1222382829,-78.8413927,35.8814106
1222382942,-78.8400596,35.8817021
1222383105,-78.8415466,35.8813741
1222383230,-78.8423258,35.8811828
1222384579,-78.8494094,35.8875361
1222385025,-78.849493,35.8878357
1393937956,-78.8116471,35.8629097
1892333206,-78.8482161,35.8917685
1912823898,-78.8484368,35.8915395
1912823900,-78.8483491,35.8918512
2076743237,-78.8379626,35.8821595
4116982823,-78.813127,35.8622402
4121689492,-78.8167088,35.861397
4354867395,-78.8309115,35.8727663
4354867396,-78.826849,35.8698082
4354867397,-78.8332962,35.8755504
5579579841,-78.8403821,35.8814826
5623394867,-78.8485297,35.8911431
5623394870,-78.8489492,35.8890238
5623394871,-78.8489168,35.8891438
5623394873,-78.8486172,35.8902552
5891819514,-78.82329,35.8815518
5891819780,-78.8410516,35.8813149
5891819863,-78.8042196,35.8543379
5891819886,-78.8394141,35.8818691
5891819887,-78.8393518,35.8817713
6513783834,-78.8200587,35.8858529
6517212563,-78.8303051,35.8732778
6517212573,-78.8366193,35.8657988
6685167397,-78.8480347,35.8933536
6964950168,-78.8158588,35.8610549
6964950175,-78.8171907,35.8602123
6964950181,-78.8167667,35.8606423
6964950184,-78.8152787,35.8609869
6965012885,-78.8162652,35.8607256
6965012891,-78.8131063,35.8614001
6965012892,-78.8129458,35.8611346
6965012913,-78.8147382,35.8601774
6965012972,-78.8108338,35.8632913
6965013018,-78.8129976,35.8620646
6965013029,-78.8143887,35.8623011
6965013034,-78.8141829,35.8614697
6965013039,-78.8153741,35.8612634
6965013040,-78.8144618,35.8616608
6965013042,-78.8139395,35.8615775
6965013043,-78.8150903,35.8610691
7204526361,-78.8283449,35.8709106
7678720605,-78.8488782,35.8898727
8718721627,-78.8307158,35.8727852
8718721628,-78.8309328,35.8729826
10910970415,-78.8172915,35.8625354
10910970417,-78.8142811,35.8617464
10910998778,-78.8128218,35.8623543
11407094385,-78.8177203,35.8601749
11806514413,-78.8362795,35.8817663
12898732453,-78.836149,35.8825693
13597657664,-78.8199581,35.8648037
